"distcode","county_cn","county_en","city_cn","city_en","province_cn","province_en","sequestration_mt_2000","sequestration_mt_2001","sequestration_mt_2002","sequestration_mt_2003","sequestration_mt_2004","sequestration_mt_2005","sequestration_mt_2006","sequestration_mt_2007","sequestration_mt_2008","sequestration_mt_2009","sequestration_mt_2010","sequestration_mt_2011","sequestration_mt_2012","sequestration_mt_2013","sequestration_mt_2014","sequestration_mt_2015","sequestration_mt_2016","sequestration_mt_2017"
"350102","鼓楼区","Gulou District","福州市","Fuzhou City","福建省","Fujian Province","0.0355415338743318","0.0351239449597697","0.039203813530683","0.0417330889160361","0.0427758741840426","0.0393344972905283","0.0417635081380543","0.0432942174540364","0.045960438675571","0.0367617150102968","0.037421470571226","0.0352208560496925","0.0354444001579548","0.0336904287461572","0.0407948715062144","0.0413993530426687","0.0390350536042293","0.0398185337623859"
"350103","台江区","Taijiang District","福州市","Fuzhou City","福建省","Fujian Province","0.00815298615703948","0.00960227941329745","0.0110605238561119","0.0107569941253311","0.0110515724270083","0.010687825203841","0.00876818303893765","0.011294884301639","0.0107488567049946","0.0136645318243465","0.0120402818487279","0.0124976106181015","0.011481233749048","0.0127637077061679","0.0123397426268504","0.0115731880051904","0.010316754084124","0.0129126246320791"
"350104","仓山区","Cangshan District","福州市","Fuzhou City","福建省","Fujian Province","0.220172206001582","0.246498561318266","0.252830389089152","0.253729569454375","0.225996203294582","0.205017718365936","0.186745012560701","0.198347475190283","0.196720208517301","0.199724178473137","0.177106973282698","0.182186123721891","0.177529747444423","0.190806405194225","0.178283393316136","0.168984886822247","0.17109386686402","0.19756268309346"
"350105","马尾区","Mawei District","福州市","Fuzhou City","福建省","Fujian Province","0.693843349910725","0.819372462897052","0.803471561210784","0.877114158483394","0.790073460546773","0.756860344837551","0.704515786360247","0.792083442456564","0.790899688255807","0.813514742864786","0.693135027072561","0.734369032482693","0.719881731551904","0.786311391919269","0.771836147364508","0.735590098686835","0.717552301223541","0.749583313774885"
"350111","晋安区","Jin'an District","福州市","Fuzhou City","福建省","Fujian Province","1.5517103032908","1.83636665348561","1.77751006033977","1.89124718819257","1.7756946247347","1.66646698419744","1.5601072845894","1.7353178151654","1.6851004923466","1.76009872382531","1.52219799738817","1.60210369558194","1.63830383158063","1.68541374175468","1.65356066672067","1.5514341802542","1.51822195762483","1.61537649608456"
"350121","闽侯县","Minhou County","福州市","Fuzhou City","福建省","Fujian Province","5.40611717147127","6.37394264567677","6.1221414775068","6.5185988438194","6.20015299690687","5.73305218118695","5.50396662996705","6.10112460360236","5.8805967346381","6.15730683941125","5.39416650218253","5.57793417342133","5.73856543945822","5.93376084452357","5.74183902962429","5.45786212925396","5.3587319381736","5.80090798957459"
"350122","连江县","Lianjiang County","福州市","Fuzhou City","福建省","Fujian Province","8.61509920668768","10.1515186911422","10.0584671031985","10.7798619134755","10.0265483558885","9.35614113634055","8.93403038882544","10.0500461129481","9.8058962057004","10.0215666473807","8.7732971857214","9.09629750817086","9.11462222933509","9.66898964258248","9.54011563578304","8.8632672918032","8.74951702130983","9.48713352870911"
"350123","罗源县","Luoyuan County","福州市","Fuzhou City","福建省","Fujian Province","3.04618433994395","3.63394615558028","3.57948474038734","3.76763942254622","3.56019664147306","3.2665072036541","3.13093933313816","3.55176371553739","3.37617341657254","3.57174689219509","3.12333425700755","3.20492798959272","3.2967026414419","3.45290941185078","3.40082124952159","3.16009271567951","3.11654083830415","3.36250839429239"
"350124","闽清县","Minqing County","福州市","Fuzhou City","福建省","Fujian Province","3.65326081343541","4.32708601721066","4.10525814023794","4.30350212540991","4.22243204952627","3.82991102306265","3.7296562376573","4.11229537962975","3.98992069864484","4.15559632731954","3.74282422528997","3.76685255900164","3.94221548883886","4.05037611538365","3.89606959464652","3.76567595252816","3.69722207809379","3.99579322220649"
"350125","永泰县","Yongtai County","福州市","Fuzhou City","福建省","Fujian Province","6.23361196164196","7.26328223137517","7.00905736548061","7.56446090622845","7.18063282565391","6.67168239107582","6.5363241342724","6.86325029281347","6.92989707666448","7.18980388176098","6.39882991923981","6.57101969725743","6.68854548817125","6.99709438531545","6.58368236350147","6.41095730969014","6.39911194701793","6.82098432060266"
"350128","平潭县","Pingtan County","福州市","Fuzhou City","福建省","Fujian Province","2.46537114355292","2.74072335536469","2.98492138116503","2.79312509178207","2.68709074069329","2.67174175074295","2.42922991150164","2.77874530514035","2.93888310793155","2.88930826246158","2.53918188508534","2.69002986613357","2.60548275509491","2.75061841012432","2.63330828504931","2.64660878369038","2.72750912218925","2.85577867857833"
"350181","福清市","Fuqing City","福州市","Fuzhou City","福建省","Fujian Province","6.01062430593377","7.06640072033902","7.09125373670515","7.44037808488002","6.81302852409533","6.67011407961656","6.3080871338432","6.82309249087059","6.94779009686456","7.02378238836039","6.31504698800046","6.65579737366034","6.46222380352601","6.93496619205111","6.62561450636347","6.52214997416988","6.37285826357298","6.72531425007547"
"350182","长乐市","Changle City","福州市","Fuzhou City","福建省","Fujian Province","3.38072409914762","3.9205233441337","3.91457348035624","4.19049290637199","3.80337839237438","3.67315522398736","3.46717721598071","3.83846571373469","3.93449708455151","4.01527736573641","3.50797039355039","3.66532488416417","3.51285778731943","3.74901233246035","3.66766974497181","3.53971643896256","3.45088085568043","3.77702471584315"
"350203","思明区","Siming District","厦门市","Xiamen City","福建省","Fujian Province","0.286871408775422","0.342378335087852","0.316463558739735","0.381546337769219","0.337737991596319","0.335339685780722","0.328236041316439","0.336772792719444","0.340566362675041","0.341629950395355","0.319520760752809","0.322889607200112","0.321426227753176","0.348668151607139","0.329536031887271","0.343595962344697","0.327752106397924","0.350324749914923"
"350205","海沧区","Haicang District","厦门市","Xiamen City","福建省","Fujian Province","0.529981128364186","0.621409868030288","0.601336656892152","0.675023965135118","0.606705673245893","0.570775522931384","0.564455494869025","0.570757294656409","0.586755850764841","0.596482930095692","0.563197939909117","0.558945036020369","0.555431770609603","0.564864922708088","0.538402630008111","0.554376825488872","0.511453789748369","0.552021560462096"
"350206","湖里区","Huli District","厦门市","Xiamen City","福建省","Fujian Province","0.0885796331665855","0.102821373662685","0.101915106218338","0.109098902680364","0.0951834178795695","0.0865824239659761","0.0793199712648124","0.0760266286213892","0.0729836204146334","0.0739918009891616","0.067650662941938","0.0693872766743176","0.0751826025377232","0.0804553706116792","0.0756812204175708","0.0811988523039022","0.0758070720817146","0.0790874191714211"
"350211","集美区","Jimei District","厦门市","Xiamen City","福建省","Fujian Province","0.786668098978749","0.917854128817003","0.901822730010344","0.987511831670802","0.917316317204827","0.871490365266953","0.84228917477959","0.866779861057097","0.877858366639143","0.895629039673418","0.854193852362831","0.845160801722663","0.839543970507866","0.866862963053996","0.815984660468382","0.830303014628451","0.764415455262892","0.824006181008609"
"350212","同安区","Tong'an District","厦门市","Xiamen City","福建省","Fujian Province","2.12557095753386","2.39924195056931","2.36615161055473","2.59690144761203","2.40976237411395","2.3056270097411","2.26826566060777","2.31542636212692","2.34277362354565","2.41498020562581","2.26108482283752","2.31041507882635","2.32753352380957","2.40695679814528","2.23888485505739","2.2580499953627","2.14850018766592","2.32037294993387"
"350213","翔安区","Xiang'an District","厦门市","Xiamen City","福建省","Fujian Province","1.15660617332281","1.31821630138754","1.32071361018935","1.4657142035441","1.30924436219618","1.25685652575972","1.2437719530537","1.26012637363821","1.26206501783546","1.2589317364949","1.22323010246313","1.2361086442467","1.23810231943532","1.27528176530393","1.19210945927593","1.24514580980994","1.16148303892875","1.21478453541785"
"350302","城厢区","Chengxiang District","莆田市","Putian City","福建省","Fujian Province","1.46628859058029","1.69655473013417","1.74355449341795","1.90021749801382","1.77762315300745","1.70117915788505","1.66279851941129","1.72316526188002","1.73037352982539","1.81755819964194","1.62086215802193","1.70764422459628","1.69106376730369","1.74184521676264","1.70839700242089","1.64588491070512","1.62431350150924","1.73950833475628"
"350303","涵江区","Hanjiang District","莆田市","Putian City","福建省","Fujian Province","2.40365340455733","2.77187055841137","2.75970568208049","2.98489283159424","2.78896222943705","2.65123415095702","2.55480829560191","2.68888087802274","2.70378165990282","2.78250296624302","2.49791380446054","2.64812238169992","2.57749712373851","2.7368236402004","2.59766144198848","2.52883477722302","2.46345625652991","2.62492132029407"
"350304","荔城区","Licheng District","莆田市","Putian City","福建省","Fujian Province","0.9347633399007","1.05118465298826","1.09210747812351","1.1470538065099","1.0788886613702","1.04072440280037","0.998053863273681","1.0363863466","1.03474406832771","1.05768661050769","0.955242968393383","0.993673669741888","0.999606822780489","1.03527257932001","0.999086204528058","0.970654570164647","0.949350442395725","1.00530225132919"
"350305","秀屿区","Xiuyu District","莆田市","Putian City","福建省","Fujian Province","3.47070250065539","3.83970717317558","4.00546259889324","3.99622294159161","3.74069540525473","3.76562994828425","3.4794656291418","3.68716693096419","3.76907830807824","3.61221981335208","3.32844402296116","3.4368528756206","3.5721095408379","3.71893276855623","3.44436877441706","3.44650363418676","3.53884491684427","3.53258596190605"
"350322","仙游县","Xianyou County","莆田市","Putian City","福建省","Fujian Province","5.63998317276628","6.50357419298364","6.41544249892286","6.9911339211326","6.48457601501966","6.15325579498144","5.99530747365714","6.16389571730435","6.20187747017634","6.46840289817994","5.83134065010401","6.08711952257866","6.10507139894634","6.31175215928437","6.04244416524895","5.87727143705812","5.76421509186614","6.15414636195434"
"350402","梅列区","Melie district","三明市","Sanming City","福建省","Fujian Province","0.776020493368745","0.880932619263513","0.787200765054035","0.853095072426707","0.905911047350817","0.747408167700552","0.733170173515936","0.817210282106383","0.775084364354298","0.799440466901546","0.727148876561387","0.735131913981898","0.824891141394425","0.797013345572738","0.741485071590452","0.703630436609479","0.698933848686624","0.806581261963811"
"350403","三元区","Sanyuan District","三明市","Sanming City","福建省","Fujian Province","1.82744181951488","2.02540679031091","1.83441383358374","1.9952128299688","2.0855545219856","1.73535604966377","1.74043021284803","1.88811907524756","1.83100926670167","1.87734302955347","1.69014036145479","1.70090051482423","1.9178859971017","1.85543923491096","1.74234154972534","1.66167707494346","1.65620043773927","1.87824891525908"
"350421","明溪县","Mingxi County","三明市","Sanming City","福建省","Fujian Province","3.73035690488734","4.23848991369364","3.72628326279266","4.08221936927025","4.33483076957088","3.59718247136962","3.57752970893073","4.09824153144551","3.75118197930543","3.77477369296444","3.49577888070187","3.47868967364404","3.95023065968967","3.85433804936024","3.56516714039027","3.46243995057401","3.3656184224802","3.73282239311015"
"350423","清流县","Qingliu County","三明市","Sanming City","福建省","Fujian Province","4.3400254923538","4.85274912042637","4.44983083418378","4.81597371684665","5.00533094388083","4.23423093486383","4.27411833701583","4.73325434516779","4.45920211071309","4.46183443686078","4.01118213016396","4.09962792359238","4.53581010696042","4.46130081340336","4.14130563802875","4.15135741378618","4.05626532585439","4.37330402643978"
"350424","宁化县","Ninghua County","三明市","Sanming City","福建省","Fujian Province","5.25720564396816","5.98130829217626","5.48678985078277","5.90767602290758","6.13079110886212","5.25853439494738","5.26082026559798","5.88948380308034","5.48221128674923","5.4945130557149","5.10920591675124","5.13397150680465","5.61857681504414","5.6693048145645","5.17055084448539","5.27212077231626","5.1120363851618","5.57569749565134"
"350425","大田县","Datian County","三明市","Sanming City","福建省","Fujian Province","5.30314866660184","6.29482541236244","5.80373990760496","6.26840142504857","6.31467406672667","5.48554771876269","5.52841430510853","5.7359369092161","5.76046206470848","5.87655658570352","5.48800264063441","5.38827851775027","5.96969645869147","6.00785041394492","5.54934295219675","5.44828513428839","5.38765037957592","6.02229863929162"
"350426","尤溪县","Youxi County","三明市","Sanming City","福建省","Fujian Province","8.20571433000883","9.47958185492287","8.76489040355428","9.28032819757144","9.45300602670478","8.12692230846445","7.95800277241708","8.50290872616431","8.47840027615791","8.7378632340712","8.0150775487381","7.92024677615941","8.60277514415711","8.60561660059904","8.18795744922788","7.9433021894393","7.71818443708073","8.52563767288385"
"350427","沙县","Sha County","三明市","Sanming City","福建省","Fujian Province","3.76201953247071","4.25022951924909","3.85065478251971","4.17077901929486","4.37690864747708","3.62324662422496","3.58499497155523","3.99386167313306","3.77039292861417","3.93161827817451","3.58915963909149","3.56860293316318","4.01178166656557","3.87569628552297","3.70614006997404","3.49243037080505","3.414780087753","3.90323970631442"
"350428","将乐县","Jiangle County","三明市","Sanming City","福建省","Fujian Province","4.82325281405633","5.50652981128978","4.75934293346751","5.13696914479971","5.48164662248586","4.60744928371015","4.52970695319814","5.25411248940957","4.79925976268909","4.87881058672055","4.46959523619378","4.40751420387498","4.99005728761636","4.92174709798115","4.58501740385207","4.4148225294529","4.26755038174412","4.79500635278345"
"350429","泰宁县","Taining County","三明市","Sanming City","福建省","Fujian Province","3.27759310083684","3.79150281267119","3.3134123941356","3.58728990282752","3.77544313386505","3.22112419477206","3.19119799771985","3.65051519841402","3.32994351247948","3.40170770097609","3.13928589062723","3.1317129183216","3.39087341226039","3.51909880553915","3.26420587865209","3.22888411336532","3.07118767137646","3.41481850308213"
"350430","建宁县","Jianning County","三明市","Sanming City","福建省","Fujian Province","3.59763753885406","4.23420448506071","3.85161482123039","4.03019889558221","4.22058103136798","3.68183381443159","3.6173018047641","4.08146772382072","3.71949344112509","3.76138664215337","3.57883200660713","3.64514945310658","3.85079889181779","4.10006950224291","3.78973799747218","3.75550938378952","3.60422947010018","3.99070890803181"
"350481","永安市","Yong'an City","三明市","Sanming City","福建省","Fujian Province","6.90027841429363","7.79026676599798","7.07125422561294","7.66840271915023","7.92887228852458","6.68592833283297","6.77630547649368","7.20880721268753","7.06187224689422","7.15133655494407","6.53071490060392","6.50555252712418","7.28541725645893","7.15079996976186","6.60966398313476","6.42580218545552","6.49499053949219","7.12290851328697"
"350502","鲤城区","Licheng District","泉州市","Quanzhou City","福建省","Fujian Province","0.120540169099275","0.149071415534922","0.146393829362726","0.153823369465164","0.134819860079135","0.133784829838082","0.128379127925871","0.125086552280624","0.129535317124557","0.134508060762027","0.124301019917261","0.126368497565492","0.127663075937429","0.127795146321177","0.124717617020993","0.126226090541284","0.120397762845053","0.125981760470447"
"350503","丰泽区","Fengze District","泉州市","Quanzhou City","福建省","Fujian Province","0.341151794797946","0.384381794994679","0.387816422447246","0.420917823675107","0.381843585366675","0.366232009065242","0.358311990371116","0.360127416607671","0.369665695344515","0.37357911792624","0.351316389637535","0.361014659347356","0.36231458625875","0.378135562960704","0.364820323624308","0.36702584544351","0.347475433433484","0.368286480202614"
"350504","洛江区","Luojiang District","泉州市","Quanzhou City","福建省","Fujian Province","1.22770817128523","1.41496675524046","1.42241832983687","1.56843752130553","1.42324808546498","1.36043415165136","1.33815544009066","1.36038556738861","1.36802874328433","1.42328622673815","1.30873506626576","1.37790214229433","1.36046778099712","1.4040921808444","1.35468022246198","1.33382242537538","1.25899062237049","1.34855911575433"
"350505","泉港区","Quangang District","泉州市","Quanzhou City","福建省","Fujian Province","1.00456835649194","1.13469224565562","1.15271946234228","1.24953459927371","1.11939447956656","1.10458712362826","1.06517592882333","1.08709758129631","1.11120267783167","1.13858236979495","1.05486288090246","1.09913684137657","1.11874906881303","1.14615547857645","1.09524915980279","1.07917641184279","1.04637286861926","1.11578231294684"
"350521","惠安县","Hui'an County","泉州市","Quanzhou City","福建省","Fujian Province","2.29792479868552","2.54101142266208","2.61698479956558","2.80947234059958","2.53257998021511","2.51385925258278","2.35727938165879","2.46495328154829","2.54309872045829","2.48394489037133","2.35941445370798","2.36826436408215","2.43651605617126","2.51710270814145","2.35121324127223","2.43289748587663","2.36540622930587","2.43847099314606"
"350524","安溪县","Anxi County","泉州市","Quanzhou City","福建省","Fujian Province","8.27194365214519","9.423989730862","9.09782499204812","9.96883449339654","9.19979876239208","8.50480442511251","8.78010138694535","8.75510923595914","9.04877982348795","9.35661206621822","8.76148150029902","8.89945705010531","9.32457561444627","9.57951800094114","9.01449899805137","8.9957067205304","8.87160463624998","9.84456953064103"
"350525","永春县","Yongchun County","泉州市","Quanzhou City","福建省","Fujian Province","4.35825163606257","5.0256385034808","4.82972268038574","5.31360314683126","5.055531231948","4.69117467522554","4.68867287650947","4.78540929756967","4.86781039101477","5.00438809120967","4.6036471724436","4.77708821886288","4.93875136478061","5.07475055964127","4.71175906361773","4.60400352225831","4.64586921354359","5.07172765008232"
"350526","德化县","Dehua County","泉州市","Quanzhou City","福建省","Fujian Province","6.27493734715797","7.21380797697883","6.76528166652712","7.39291932850887","7.21691891169736","6.56478018170466","6.41893600173224","6.57902596581885","6.7406786590326","6.89926022181001","6.29208015314145","6.38255103283566","6.76345138239571","6.80139924922068","6.27580653384244","6.17663791268789","6.13655566590248","6.67930206074317"
"350527","金门县","Kinmen County","泉州市","Quanzhou City","福建省","Fujian Province","1.43415835899714","1.65142085750864","1.54567533036284","1.74925121503509","1.50883331510476","1.50309059147384","1.51428880787017","1.57269866931443","1.52631998142353","1.57926345592603","1.52482641626339","1.47508677580011","1.48486715887304","1.65937084743572","1.51290274240088","1.631313502399","1.50399186310746","1.55771781033226"
"350581","石狮市","Shishi City","泉州市","Quanzhou City","福建省","Fujian Province","0.478534078622353","0.548377812012899","0.541540894604165","0.567192483295388","0.475784661365345","0.475208074778569","0.444987512123621","0.456269344527435","0.465305678960376","0.440658979371201","0.446989023883495","0.437990497088786","0.438794526964573","0.455366654501834","0.413714207536399","0.458835032998869","0.442466721729333","0.444552120929441"
"350582","晋江市","Jinjiang City","泉州市","Quanzhou City","福建省","Fujian Province","1.60682519391572","1.85723750618504","1.84784803131849","1.98477685490379","1.7249478322004","1.68941485772212","1.63649361054284","1.67472475540633","1.71278288899246","1.67767764565256","1.60801046971394","1.60665881292562","1.62923653914548","1.71137417562624","1.59209459836553","1.70714103746436","1.55405670750255","1.6251027854576"
"350583","南安市","Nan'an City","泉州市","Quanzhou City","福建省","Fujian Province","5.37553066020933","6.34250356078669","6.33416896245411","7.03604650827539","6.3541614320358","6.04878186193923","6.04481224676497","6.14304642129899","6.15897308698619","6.32017001608371","5.92566752384729","6.06049333536384","6.21534269835516","6.44316437194338","6.09289760916134","6.0530825203467","5.85676769408791","6.34459375175135"
"350602","芗城区","Xiangcheng District","漳州市","Zhangzhou City","福建省","Fujian Province","0.636204301591908","0.740824700313727","0.700786629023006","0.780739218756239","0.726057505957509","0.684243430112037","0.663884263067103","0.692507113997301","0.66859357967312","0.691052947835127","0.638602698078035","0.627274951662102","0.657654685373455","0.688031852405308","0.630541715024544","0.656281929512541","0.620139282054386","0.703240735883573"
"350603","龙文区","Longwen District","漳州市","Zhangzhou City","福建省","Fujian Province","0.252759620604208","0.306687395332517","0.282860533342137","0.319660258785575","0.28973267799131","0.275492285162204","0.27461194949956","0.293013295245757","0.290530960908971","0.298366315566231","0.287052460883561","0.27330174582472","0.286135219333063","0.294975306279918","0.277859944436695","0.286790486502015","0.273675924256289","0.309506344005255"
"350622","云霄县","Yunxiao County","漳州市","Zhangzhou City","福建省","Fujian Province","3.34601294552251","3.78983580565498","3.65090713350893","4.19884566963255","3.88025822519108","3.84390030889783","3.68799561377139","3.85450303740507","3.80872594974693","3.91803678415467","3.79808427416819","3.7495741570756","3.73527404122748","3.89368270447679","3.75235966147659","3.89340116999199","3.57366321779215","3.93893334728632"
"350623","漳浦县","Zhangpu County","漳州市","Zhangzhou City","福建省","Fujian Province","7.27587574439046","8.20269319371588","8.0456955901555","9.1661525436364","8.40067727939711","8.2744058710858","8.0671028560682","8.38120480868115","8.39779352940177","8.68233004494257","8.33124404421861","8.25482940303799","8.17103953567449","8.62475865178155","8.32043661011322","8.6327439648695","7.92102992861762","8.60315322304325"
"350624","诏安县","Zhao'an County","漳州市","Zhangzhou City","福建省","Fujian Province","4.12432525649947","4.47887000586418","4.32616799888865","4.92520130735046","4.62028594631999","4.54696657599611","4.32395434353919","4.57581504797031","4.45951708057512","4.6282775704013","4.54999384935665","4.49035091482548","4.45698256568895","4.6101626025257","4.46824309051537","4.63542312114931","4.33622693143615","4.7078432256704"
"350625","长泰县","Changtai County","漳州市","Zhangzhou City","福建省","Fujian Province","2.87567894968345","3.29146252452028","3.20262722639422","3.50125279497222","3.30524283757503","3.11004671836449","3.07296680486505","3.13340670676733","3.16161914534427","3.28143330852912","3.06198469798355","3.06297209816552","3.11320683086034","3.21540382260299","3.03733331562504","3.04861778931536","2.90786516397619","3.22659383379281"
"350626","东山县","Dongshan County","漳州市","Zhangzhou City","福建省","Fujian Province","1.13228312898133","1.23146411711138","1.26059834120198","1.41429143012965","1.32925696145498","1.33045581466745","1.24352469447996","1.32826233482647","1.27950032455336","1.34194291258975","1.2362740846505","1.29369538676231","1.19498594668191","1.32165129319208","1.26065061222805","1.31013320558028","1.19784623997499","1.3095011122882"
"350627","南靖县","Nanjing County","漳州市","Zhangzhou City","福建省","Fujian Province","6.70648762760569","7.37931406504786","7.08907264854384","7.79757244632081","7.44295012843873","6.94233466420907","7.06501272701281","7.02456363015129","7.05312076506445","7.45354318305673","6.92169936908186","6.80115608475091","7.12804906655986","7.32272899207686","6.78982543553217","6.98532584724375","6.60561019187397","7.5091417345954"
"350628","平和县","Pinghe County","漳州市","Zhangzhou City","福建省","Fujian Province","7.69673603431973","8.62359978471541","8.20343570913071","9.14874883600576","8.54151453713956","8.21799937142956","8.10612786361814","8.2070117984203","8.26472035503068","8.50212352264565","8.27195309356034","7.94153864108895","8.22687086326229","8.55205255536133","7.96206126220711","8.26943908519656","7.80909218330977","8.76027460388138"
"350629","华安县","Hua'an County","漳州市","Zhangzhou City","福建省","Fujian Province","4.37350339806548","4.79816255922624","4.63414456118935","5.00721659599665","4.86344069132632","4.4551790758094","4.55172199955439","4.49269030670168","4.5744799962187","4.8265019038365","4.38359564215163","4.42753920979793","4.61564044281858","4.70021720900083","4.3867023653947","4.48803032105011","4.29506675893229","4.83359862261894"
"350681","龙海市","Longhai  City","漳州市","Zhangzhou City","福建省","Fujian Province","4.53292195228267","5.18700771422415","4.8613202941544","5.52880469571966","4.98313378630693","4.90799842596578","4.87457594338146","5.05940550166376","5.06359215389089","5.17667443056674","5.0159714484533","4.85281803657924","4.95751310906014","5.1685258726218","4.96124765678658","5.11848354128744","4.76119105402596","5.24285556464189"
"350702","延平区","Yanping District","南平市","Nanping City","福建省","Fujian Province","5.54852577524185","6.26872904739335","5.74971084117637","6.0262514884552","6.40243639838556","5.26593627025325","5.21204925974741","5.85843505753821","5.50085787233594","5.82906455683552","5.31292657119175","5.33449993873493","5.8222807422842","5.62369878685448","5.54888574389447","5.20721310858395","5.06671883924747","5.63092678304634"
"350721","顺昌县","Shunchang County","南平市","Nanping City","福建省","Fujian Province","3.87098471528201","4.52699642857468","3.86548245701012","4.1056663184945","4.46595988047725","3.70636583683439","3.6373121669801","4.26032805235265","3.88876901993096","4.08978458374482","3.71016071123812","3.69472457396019","4.20845775987934","3.99973084059393","3.8689474217538","3.73019810939527","3.49335739709606","3.98303691505449"
"350722","浦城县","Pucheng County","南平市","Nanping City","福建省","Fujian Province","7.52233316885525","8.75087351255261","7.97872011291596","7.73390993777471","8.49965872011705","7.26585597277361","7.22186838338613","8.30884075891198","7.66921775092209","7.92206695308399","7.16331476361377","7.44448238530124","8.28792299459439","7.89585382694316","8.07700151297655","7.75721941055408","7.44449453074977","8.02105558849259"
"350723","光泽县","Guangze County","南平市","Nanping City","福建省","Fujian Province","4.58305735436313","5.54997964025135","5.01753724894851","5.05905825552455","5.38436622682626","4.63452103575114","4.71053604624941","5.27482080344765","4.94435596481028","4.92688656779999","4.6675226606702","4.72583550744075","5.10412923026006","5.19065379882204","5.14928682501419","4.97624114507595","4.7378301672002","5.21942569710814"
"350724","松溪县","Songxi County","南平市","Nanping City","福建省","Fujian Province","2.23246948541592","2.57060601353677","2.31488434556321","2.27320044743325","2.48588786543214","2.0971394433211","2.14665805083573","2.48222568156899","2.25250088379099","2.38551252235272","2.11236524826658","2.19178402855493","2.43413837501119","2.31648874072061","2.35137475423115","2.29199959303961","2.13807459400606","2.35465640692867"
"350725","政和县","Zhenghe County","南平市","Nanping City","福建省","Fujian Province","4.03427719040766","4.61904004985852","4.23600196221931","4.28772661287644","4.55789049094319","3.89419217091124","4.05432574389436","4.45851150029963","4.15389714210508","4.44333527461902","3.86698936239793","3.97086910744667","4.38434589829794","4.18030217325393","4.30780005075401","4.07411848820123","3.87388452924501","4.26117018503941"
"350781","邵武市","Shaowu City","南平市","Nanping City","福建省","Fujian Province","5.79360033884991","6.91371805425764","6.05245207203445","6.34865432835328","6.74547897663627","5.69940744508282","5.73147414416089","6.44879644732557","5.97428686209884","6.13940699303748","5.69412910819716","5.70797052943615","6.32764976668454","6.29492421854399","6.00002226378528","5.81071756275494","5.54630771389088","6.20647594221716"
"350782","武夷山市","Wuyishan City","南平市","Nanping City","福建省","Fujian Province","6.14812545968799","7.15300037724252","6.49742103685901","6.44635767813385","6.95820701322959","5.85184158708035","5.96183543614923","6.72207102581488","6.3306796466884","6.44325688276228","5.92741525188948","6.13509850422785","6.72498993308763","6.49705959408023","6.49713730113055","6.27221636388539","5.93399653764317","6.6270180898401"
"350783","建瓯市","Jian'ou City","南平市","Nanping City","福建省","Fujian Province","9.47930666614068","10.7083653188743","9.83831494429093","10.0868219902741","10.7447834545479","9.05893142441896","9.20224031465676","10.3821417265342","9.79204776410745","10.2632469571929","9.10083182442382","9.43371493393361","10.1457140179197","9.9257905071907","10.1001636867588","9.53288112536367","9.02189987994825","10.1923978204149"
"350784","建阳市","Jianyang City","南平市","Nanping City","福建省","Fujian Province","6.86625269035252","8.1677122254603","7.1944515881091","7.23090762791435","7.89390299413649","6.61646714525353","6.67384060141115","7.58096757949421","6.98659084376239","7.23111483951967","6.45488904000348","6.73134255383063","7.6150238118413","7.21880807474154","7.1817077069442","6.98024940918073","6.36313577384655","7.29786319518357"
"350802","新罗区","Xinluo District","龙岩市","Longyan City","福建省","Fujian Province","8.14375854283815","9.01767740732354","8.50947295877581","9.2280096370366","9.33173523503145","8.34878842950027","8.33994937175598","8.39922522838151","8.52648688381524","8.74337538896886","7.92629530911619","7.93063394905347","8.51542967563865","8.56896627396986","7.83948210540152","7.9992179210275","7.81002423474021","8.65038447248318"
"350821","长汀县","Changting County","龙岩市","Longyan City","福建省","Fujian Province","7.99836479024032","8.99401636999118","8.45898155613312","9.11770288175842","9.41960836564175","8.10185143942603","8.15676160846056","8.90840772518511","8.593732034188","8.62039749552591","8.02077655931037","7.97903032424144","8.57761102983602","8.64199602241846","7.9988878216702","8.07942675372241","7.9546226814363","8.7011230335378"
"350822","永定县","Yongding County","龙岩市","Longyan City","福建省","Fujian Province","8.07603294136057","8.71020314832424","8.27797705075849","9.01673596552897","8.88076709579608","8.168878986933","8.17690071123978","8.2569270698803","8.40487484507849","8.65666984621046","7.86686360779089","8.0242198887744","8.3265035763013","8.48413237925489","7.9054028801605","8.12589199057453","7.82396997417387","8.75486018448805"
"350823","上杭县","Shanghang County","龙岩市","Longyan City","福建省","Fujian Province","9.5012180799639","10.3069767753089","9.77072754601805","10.7520727496212","10.8106865703042","9.65132376611146","9.63184409476671","10.0533509729116","9.95829211294636","10.1393912907804","9.34561321517082","9.49750854938212","9.9261321621173","9.9239019204261","9.33653663488064","9.47489744524709","9.25759547484193","10.2510580435173"
"350824","武平县","Wuping County","龙岩市","Longyan City","福建省","Fujian Province","8.82202126993413","9.63285925020835","9.08528551489046","9.94088772377068","10.1189616642146","9.01523143128934","8.95272598439375","9.3122844379956","9.25006640767728","9.35248573047388","8.72123613019516","8.87499424538762","9.20545979366151","9.1566104504549","8.63425435831335","8.6637046046002","8.6688353856173","9.50453948708314"
"350825","连城县","Liancheng County","龙岩市","Longyan City","福建省","Fujian Province","6.87398198372785","7.69601322383039","7.09029229053359","7.8042887463703","7.98442762914385","6.80420311374152","6.95469798411701","7.29553929965449","7.25330337505083","7.2103153230934","6.62685989726892","6.59427815552545","7.13513323100276","7.14242128309014","6.70049661721151","6.64272443698695","6.62963302699206","7.21965560571127"
"350881","漳平市","Zhangping City","龙岩市","Longyan City","福建省","Fujian Province","8.72334641168903","9.93358118586978","9.35609010890225","10.0014677347151","10.1019382662299","8.99796153402901","9.0926550100794","9.13094813068945","9.23046259934038","9.54914741235434","8.8306858368528","8.66838502239309","9.4513261750393","9.47054088346737","8.53938056274842","8.73111252984296","8.67621791002981","9.45489051323827"
"350902","蕉城区","Jiaocheng District","宁德市","Ningde City","福建省","Fujian Province","4.05344663463664","4.85240535020952","4.66134804515298","4.86756846141717","4.75602001214853","4.27911608083528","4.20466873990607","4.66733193839752","4.41749805527865","4.83022318797325","4.11179330391783","4.20822717564707","4.4611577189188","4.50129432113861","4.47258461460092","4.16298381006042","4.04532849027162","4.4486408663272"
"350921","霞浦县","Xiapu County","宁德市","Ningde City","福建省","Fujian Province","10.0905387700833","11.7234523160927","11.6434277648901","12.5630147992769","11.838663238407","11.011060523071","10.4865112216707","11.8898404705045","11.6110389801708","12.0815335330251","10.5447205516661","11.0089748965163","11.1142234708137","11.6981126033313","11.6132831365696","10.9248290417485","10.5713534005748","11.5650719228113"
"350922","古田县","Gutian County","宁德市","Ningde City","福建省","Fujian Province","5.85565916659557","6.80833731740598","6.51110136386922","6.81104362733339","6.71732970353599","5.88318735376376","5.91686069277625","6.62995849148025","6.22210621524068","6.59169600904026","5.81841223437315","5.93025355721284","6.29085848931036","6.37089561541905","6.26303937422935","5.90035613314671","5.81845963131066","6.32028609998448"
"350923","屏南县","Pingnan County","宁德市","Ningde City","福建省","Fujian Province","3.63042994934237","4.22883969179772","3.96108663971818","4.09938851633961","4.17031179519556","3.60967041112755","3.70498337676981","4.1054644042796","3.82473480144867","4.10755399316267","3.57785023662359","3.57797860423841","3.91183416874261","3.83462200700604","3.88906949314524","3.61411254655178","3.54532510775861","3.85186069728717"
"350924","寿宁县","Shouning County","宁德市","Ningde City","福建省","Fujian Province","3.63008621299337","4.1666162843805","3.98233572569876","4.02412062726265","4.12044315716983","3.63778438873542","3.74944625260888","4.12755133833806","3.82382437507056","4.18206586056275","3.63027473849984","3.66537226818955","4.02376375449262","3.99485340659595","4.04058861544451","3.7774843693906","3.74179201855322","4.01284292268352"
"350925","周宁县","Zhouning County","宁德市","Ningde City","福建省","Fujian Province","2.55888123469981","3.0249924943265","2.85052588309909","2.93383601218329","2.9465548886243","2.61416540754107","2.66260747389232","2.91801807676705","2.74963146523933","3.00668129308102","2.57653708443037","2.61156140898137","2.83932873412861","2.79744354411188","2.81760063883144","2.61597155428231","2.59074024641887","2.80275421883808"
"350926","柘荣县","Zherong County","宁德市","Ningde City","福建省","Fujian Province","1.41807929078431","1.67236050963959","1.60590611716085","1.66985799540156","1.62967187620954","1.49107687407157","1.46209966519793","1.6313272716049","1.57493937161072","1.69285201427869","1.48725055348191","1.48750781169376","1.55763607342441","1.58181578865859","1.58411498143156","1.48930592163127","1.42880133681843","1.54920347317835"
"350981","福安市","Fu'an City","宁德市","Ningde City","福建省","Fujian Province","4.75741183378011","5.51486292437061","5.31430541806287","5.5225359166129","5.45823009063139","4.95357660462034","4.93989228189813","5.45400045980927","5.16204652731778","5.58886470232506","4.82814662081497","4.91052245201956","5.18264743043607","5.28019941421101","5.36860579131572","4.99658270627077","4.89260776714245","5.34774414409682"
"350982","福鼎市","Fuding City","宁德市","Ningde City","福建省","Fujian Province","6.86640892979966","7.76397736282062","7.76089117430347","8.09602653682457","7.94205082445511","7.28155694935129","7.11453972876678","7.82987894081911","7.60321858330236","8.10808351439272","6.95349687653846","7.26706266200765","7.58655088302393","7.69098019972324","7.71929033710251","7.31281580986091","7.02572654723605","7.64075483453389"
