"distcode","county_cn","county_en","province_cn","year","month_count","co2_million_tons","co2_10000_tons"
"350102","鼓楼区","Gulou District","福建省","2013","12","2.88397294393931","288.397294393931"
"350102","鼓楼区","Gulou District","福建省","2014","12","3.12503515622758","312.503515622758"
"350102","鼓楼区","Gulou District","福建省","2015","12","3.12473157354043","312.473157354043"
"350102","鼓楼区","Gulou District","福建省","2016","12","3.07892452335091","307.892452335091"
"350102","鼓楼区","Gulou District","福建省","2017","12","3.16598161302444","316.598161302444"
"350102","鼓楼区","Gulou District","福建省","2018","12","3.27176892011296","327.176892011295"
"350102","鼓楼区","Gulou District","福建省","2019","12","3.47890971334518","347.890971334518"
"350102","鼓楼区","Gulou District","福建省","2020","12","3.48943438070958","348.943438070958"
"350102","鼓楼区","Gulou District","福建省","2021","12","3.82005634668623","382.005634668623"
"350103","台江区","Taijiang District","福建省","2013","12","2.88397294393931","288.397294393931"
"350103","台江区","Taijiang District","福建省","2014","12","3.12503515622758","312.503515622758"
"350103","台江区","Taijiang District","福建省","2015","12","3.12473157354043","312.473157354043"
"350103","台江区","Taijiang District","福建省","2016","12","3.07892452335091","307.892452335091"
"350103","台江区","Taijiang District","福建省","2017","12","3.16598161302444","316.598161302444"
"350103","台江区","Taijiang District","福建省","2018","12","3.27176892011296","327.176892011295"
"350103","台江区","Taijiang District","福建省","2019","12","3.47890971334518","347.890971334518"
"350103","台江区","Taijiang District","福建省","2020","12","3.48943438070958","348.943438070958"
"350103","台江区","Taijiang District","福建省","2021","12","3.82005634668623","382.005634668623"
"350104","仓山区","Cangshan District","福建省","2013","12","2.82930962094996","282.930962094996"
"350104","仓山区","Cangshan District","福建省","2014","12","3.01364690465489","301.364690465489"
"350104","仓山区","Cangshan District","福建省","2015","12","3.06727573394234","306.727573394234"
"350104","仓山区","Cangshan District","福建省","2016","12","2.92241543061197","292.241543061197"
"350104","仓山区","Cangshan District","福建省","2017","12","2.99080286383854","299.080286383854"
"350104","仓山区","Cangshan District","福建省","2018","12","2.83442962389253","283.442962389253"
"350104","仓山区","Cangshan District","福建省","2019","12","3.12793378425936","312.793378425936"
"350104","仓山区","Cangshan District","福建省","2020","12","3.00736188191687","300.736188191687"
"350104","仓山区","Cangshan District","福建省","2021","12","3.23467648824009","323.467648824009"
"350105","马尾区","Mawei District","福建省","2013","12","2.82169023763971","282.169023763971"
"350105","马尾区","Mawei District","福建省","2014","12","3.04455683817748","304.455683817748"
"350105","马尾区","Mawei District","福建省","2015","12","2.84461360651847","284.461360651847"
"350105","马尾区","Mawei District","福建省","2016","12","2.25369335122883","225.369335122883"
"350105","马尾区","Mawei District","福建省","2017","12","2.57728196624197","257.728196624197"
"350105","马尾区","Mawei District","福建省","2018","12","2.58730604637395","258.730604637395"
"350105","马尾区","Mawei District","福建省","2019","12","2.94717255606927","294.717255606927"
"350105","马尾区","Mawei District","福建省","2020","12","2.86644163123332","286.644163123332"
"350105","马尾区","Mawei District","福建省","2021","12","3.3527724484078","335.27724484078"
"350111","晋安区","Jin'an District","福建省","2013","12","2.45880966286698","245.880966286698"
"350111","晋安区","Jin'an District","福建省","2014","12","2.57505028737052","257.505028737051"
"350111","晋安区","Jin'an District","福建省","2015","12","2.68250070442909","268.250070442909"
"350111","晋安区","Jin'an District","福建省","2016","12","2.99714370591382","299.714370591382"
"350111","晋安区","Jin'an District","福建省","2017","12","3.10160037782454","310.160037782454"
"350111","晋安区","Jin'an District","福建省","2018","12","3.04681252164675","304.681252164675"
"350111","晋安区","Jin'an District","福建省","2019","12","3.36019911874238","336.019911874238"
"350111","晋安区","Jin'an District","福建省","2020","12","3.32384903738804","332.384903738804"
"350111","晋安区","Jin'an District","福建省","2021","12","3.55653735071403","355.653735071403"
"350121","闽侯县","Minhou County","福建省","2013","12","2.88919878439726","288.919878439726"
"350121","闽侯县","Minhou County","福建省","2014","12","3.12509831336269","312.509831336269"
"350121","闽侯县","Minhou County","福建省","2015","12","3.08955865916693","308.955865916693"
"350121","闽侯县","Minhou County","福建省","2016","12","2.52369378734405","252.369378734405"
"350121","闽侯县","Minhou County","福建省","2017","12","2.87619329834005","287.619329834005"
"350121","闽侯县","Minhou County","福建省","2018","12","2.72341280447858","272.341280447858"
"350121","闽侯县","Minhou County","福建省","2019","12","2.84155780637973","284.155780637973"
"350121","闽侯县","Minhou County","福建省","2020","12","2.79804976024898","279.804976024898"
"350121","闽侯县","Minhou County","福建省","2021","12","3.17037320043504","317.037320043504"
"350122","连江县","Lianjiang County","福建省","2013","12","2.86714499955002","286.714499955002"
"350122","连江县","Lianjiang County","福建省","2014","12","3.15425080250152","315.425080250152"
"350122","连江县","Lianjiang County","福建省","2015","12","3.00498855907487","300.498855907487"
"350122","连江县","Lianjiang County","福建省","2016","12","2.73700952260463","273.700952260463"
"350122","连江县","Lianjiang County","福建省","2017","12","3.12993823676237","312.993823676237"
"350122","连江县","Lianjiang County","福建省","2018","12","3.14972681727178","314.972681727178"
"350122","连江县","Lianjiang County","福建省","2019","12","3.42847167895192","342.847167895192"
"350122","连江县","Lianjiang County","福建省","2020","12","3.43581838730892","343.581838730892"
"350122","连江县","Lianjiang County","福建省","2021","12","3.75832060246848","375.832060246848"
"350123","罗源县","Luoyuan County","福建省","2013","12","2.83944058444307","283.944058444307"
"350123","罗源县","Luoyuan County","福建省","2014","12","3.0599131536477","305.99131536477"
"350123","罗源县","Luoyuan County","福建省","2015","12","3.06980881691312","306.980881691312"
"350123","罗源县","Luoyuan County","福建省","2016","12","3.0075113139615","300.75113139615"
"350123","罗源县","Luoyuan County","福建省","2017","12","3.09811326124407","309.811326124408"
"350123","罗源县","Luoyuan County","福建省","2018","12","3.19679734210596","319.679734210596"
"350123","罗源县","Luoyuan County","福建省","2019","12","3.39955453201918","339.955453201918"
"350123","罗源县","Luoyuan County","福建省","2020","12","3.40864814497292","340.864814497292"
"350123","罗源县","Luoyuan County","福建省","2021","12","3.72388989644076","372.388989644076"
"350124","闽清县","Minqing County","福建省","2013","12","2.86405087811531","286.405087811531"
"350124","闽清县","Minqing County","福建省","2014","12","3.12054811460889","312.054811460889"
"350124","闽清县","Minqing County","福建省","2015","12","3.08620430275736","308.620430275736"
"350124","闽清县","Minqing County","福建省","2016","12","3.06852680439457","306.852680439457"
"350124","闽清县","Minqing County","福建省","2017","12","3.18252873113075","318.252873113075"
"350124","闽清县","Minqing County","福建省","2018","12","3.22764516549604","322.764516549604"
"350124","闽清县","Minqing County","福建省","2019","12","3.41825457672306","341.825457672306"
"350124","闽清县","Minqing County","福建省","2020","12","3.41908806358694","341.908806358694"
"350124","闽清县","Minqing County","福建省","2021","12","3.74216890848745","374.216890848745"
"350125","永泰县","Yongtai County","福建省","2013","12","2.85606581941934","285.606581941934"
"350125","永泰县","Yongtai County","福建省","2014","12","3.06705223956449","306.705223956449"
"350125","永泰县","Yongtai County","福建省","2015","12","3.06249125050108","306.249125050108"
"350125","永泰县","Yongtai County","福建省","2016","12","2.96689270145522","296.689270145522"
"350125","永泰县","Yongtai County","福建省","2017","12","3.09798292815523","309.798292815523"
"350125","永泰县","Yongtai County","福建省","2018","12","3.17091108709709","317.091108709709"
"350125","永泰县","Yongtai County","福建省","2019","12","2.71529877851357","271.529877851357"
"350125","永泰县","Yongtai County","福建省","2020","12","2.94763974564603","294.763974564603"
"350125","永泰县","Yongtai County","福建省","2021","12","3.13968595637337","313.968595637337"
"350128","平潭县","Pingtan County","福建省","2013","12","2.85486839239822","285.486839239822"
"350128","平潭县","Pingtan County","福建省","2014","12","3.09173096113555","309.173096113555"
"350128","平潭县","Pingtan County","福建省","2015","12","3.10682747827927","310.682747827927"
"350128","平潭县","Pingtan County","福建省","2016","12","3.02277724779182","302.277724779182"
"350128","平潭县","Pingtan County","福建省","2017","12","3.16216704275019","316.216704275019"
"350128","平潭县","Pingtan County","福建省","2018","12","3.21584057018648","321.584057018648"
"350128","平潭县","Pingtan County","福建省","2019","12","3.47897045501529","347.897045501529"
"350128","平潭县","Pingtan County","福建省","2020","12","3.47111136071461","347.111136071461"
"350128","平潭县","Pingtan County","福建省","2021","12","3.72975960581244","372.975960581244"
"350181","福清市","Fuqing City","福建省","2013","12","2.9044546560447","290.44546560447"
"350181","福清市","Fuqing City","福建省","2014","12","3.14158138808532","314.158138808532"
"350181","福清市","Fuqing City","福建省","2015","12","3.13035310487535","313.035310487534"
"350181","福清市","Fuqing City","福建省","2016","12","2.66175172996889","266.175172996889"
"350181","福清市","Fuqing City","福建省","2017","12","2.95171735223986","295.171735223986"
"350181","福清市","Fuqing City","福建省","2018","12","3.15594036820037","315.594036820037"
"350181","福清市","Fuqing City","福建省","2019","12","3.29585999149467","329.585999149468"
"350181","福清市","Fuqing City","福建省","2020","12","3.05078033240921","305.078033240921"
"350181","福清市","Fuqing City","福建省","2021","12","3.43304262492256","343.304262492257"
"350182","长乐市","Changle City","福建省","2013","12","2.89246737747337","289.246737747337"
"350182","长乐市","Changle City","福建省","2014","12","3.13992329654511","313.992329654511"
"350182","长乐市","Changle City","福建省","2015","12","3.13613790892789","313.613790892789"
"350182","长乐市","Changle City","福建省","2016","12","3.07246385700997","307.246385700997"
"350182","长乐市","Changle City","福建省","2017","12","3.1561669278669","315.616692786691"
"350182","长乐市","Changle City","福建省","2018","12","3.2730987691807","327.30987691807"
"350182","长乐市","Changle City","福建省","2019","12","3.47357201275547","347.357201275547"
"350182","长乐市","Changle City","福建省","2020","12","3.4859164657976","348.59164657976"
"350182","长乐市","Changle City","福建省","2021","12","3.830556786275","383.0556786275"
"350203","思明区","Siming District","福建省","2013","12","2.47000090071573","247.000090071573"
"350203","思明区","Siming District","福建省","2014","12","2.55906002599339","255.906002599339"
"350203","思明区","Siming District","福建省","2015","12","2.21537080184094","221.537080184093"
"350203","思明区","Siming District","福建省","2016","12","2.77112438224398","277.112438224398"
"350203","思明区","Siming District","福建省","2017","12","2.57547336239587","257.547336239587"
"350203","思明区","Siming District","福建省","2018","12","2.70369478795217","270.369478795217"
"350203","思明区","Siming District","福建省","2019","12","2.87827959579385","287.827959579385"
"350203","思明区","Siming District","福建省","2020","12","2.95181496117325","295.181496117325"
"350203","思明区","Siming District","福建省","2021","12","3.31841124728264","331.841124728264"
"350205","海沧区","Haicang District","福建省","2013","12","2.31835225450631","231.835225450631"
"350205","海沧区","Haicang District","福建省","2014","12","2.50068778207674","250.068778207674"
"350205","海沧区","Haicang District","福建省","2015","12","2.46033452238019","246.033452238019"
"350205","海沧区","Haicang District","福建省","2016","12","2.53106297687219","253.106297687219"
"350205","海沧区","Haicang District","福建省","2017","12","2.57503101998575","257.503101998575"
"350205","海沧区","Haicang District","福建省","2018","12","2.59400482270452","259.400482270452"
"350205","海沧区","Haicang District","福建省","2019","12","2.76893037998059","276.893037998059"
"350205","海沧区","Haicang District","福建省","2020","12","2.75227442385922","275.227442385922"
"350205","海沧区","Haicang District","福建省","2021","12","3.03188132434043","303.188132434043"
"350206","湖里区","Huli District","福建省","2013","12","2.44479433449028","244.479433449028"
"350206","湖里区","Huli District","福建省","2014","12","2.6408756845113","264.08756845113"
"350206","湖里区","Huli District","福建省","2015","12","2.58340440102715","258.340440102715"
"350206","湖里区","Huli District","福建省","2016","12","2.43874788772791","243.874788772791"
"350206","湖里区","Huli District","福建省","2017","12","2.83522271079521","283.522271079521"
"350206","湖里区","Huli District","福建省","2018","12","2.99162050103386","299.162050103386"
"350206","湖里区","Huli District","福建省","2019","12","3.0712901932549","307.12901932549"
"350206","湖里区","Huli District","福建省","2020","12","2.99502338222204","299.502338222204"
"350206","湖里区","Huli District","福建省","2021","12","3.4449274270149","344.49274270149"
"350211","集美区","Jimei District","福建省","2013","12","2.32954887730489","232.954887730489"
"350211","集美区","Jimei District","福建省","2014","12","2.50051113657188","250.051113657188"
"350211","集美区","Jimei District","福建省","2015","12","2.45902542610341","245.902542610341"
"350211","集美区","Jimei District","福建省","2016","12","2.63168940337386","263.168940337386"
"350211","集美区","Jimei District","福建省","2017","12","2.67725532796966","267.725532796966"
"350211","集美区","Jimei District","福建省","2018","12","2.71048701988431","271.048701988431"
"350211","集美区","Jimei District","福建省","2019","12","2.87988432760071","287.988432760071"
"350211","集美区","Jimei District","福建省","2020","12","3.21209495096045","321.209495096045"
"350211","集美区","Jimei District","福建省","2021","12","3.35407000403269","335.407000403269"
"350212","同安区","Tong'an District","福建省","2013","12","2.33115200994622","233.115200994622"
"350212","同安区","Tong'an District","福建省","2014","12","2.57270594554381","257.270594554381"
"350212","同安区","Tong'an District","福建省","2015","12","2.64332318300306","264.332318300306"
"350212","同安区","Tong'an District","福建省","2016","12","2.97325337344861","297.32533734486"
"350212","同安区","Tong'an District","福建省","2017","12","2.76037533214067","276.037533214067"
"350212","同安区","Tong'an District","福建省","2018","12","2.76069718200264","276.069718200264"
"350212","同安区","Tong'an District","福建省","2019","12","2.89985610557556","289.985610557556"
"350212","同安区","Tong'an District","福建省","2020","12","2.94003357608345","294.003357608345"
"350212","同安区","Tong'an District","福建省","2021","12","3.22381098658049","322.381098658049"
"350213","翔安区","Xiang'an District","福建省","2013","12","2.26698674277924","226.698674277924"
"350213","翔安区","Xiang'an District","福建省","2014","12","2.52657677742921","252.657677742921"
"350213","翔安区","Xiang'an District","福建省","2015","12","2.5164999528574","251.64999528574"
"350213","翔安区","Xiang'an District","福建省","2016","12","2.44074677140953","244.074677140953"
"350213","翔安区","Xiang'an District","福建省","2017","12","2.50926137144516","250.926137144516"
"350213","翔安区","Xiang'an District","福建省","2018","12","2.58531754830626","258.531754830626"
"350213","翔安区","Xiang'an District","福建省","2019","12","2.76390345042812","276.390345042812"
"350213","翔安区","Xiang'an District","福建省","2020","12","2.79592376379235","279.592376379235"
"350213","翔安区","Xiang'an District","福建省","2021","12","3.10897457571129","310.897457571129"
"350302","城厢区","Chengxiang District","福建省","2013","12","2.09200628454634","209.200628454634"
"350302","城厢区","Chengxiang District","福建省","2014","12","2.27678448485335","227.678448485335"
"350302","城厢区","Chengxiang District","福建省","2015","12","2.59604676747138","259.604676747138"
"350302","城厢区","Chengxiang District","福建省","2016","12","2.76691218643636","276.691218643636"
"350302","城厢区","Chengxiang District","福建省","2017","12","2.82992020217739","282.992020217739"
"350302","城厢区","Chengxiang District","福建省","2018","12","2.97242349462468","297.242349462468"
"350302","城厢区","Chengxiang District","福建省","2019","12","3.15107154618278","315.107154618278"
"350302","城厢区","Chengxiang District","福建省","2020","12","3.30467836482739","330.467836482739"
"350302","城厢区","Chengxiang District","福建省","2021","12","3.68845560979952","368.845560979952"
"350303","涵江区","Hanjiang District","福建省","2013","12","2.21204027240247","221.204027240247"
"350303","涵江区","Hanjiang District","福建省","2014","12","2.30080069802987","230.080069802987"
"350303","涵江区","Hanjiang District","福建省","2015","12","2.36775106159765","236.775106159765"
"350303","涵江区","Hanjiang District","福建省","2016","12","2.41491294306241","241.491294306241"
"350303","涵江区","Hanjiang District","福建省","2017","12","2.44655948673374","244.655948673374"
"350303","涵江区","Hanjiang District","福建省","2018","12","2.70520734160192","270.520734160192"
"350303","涵江区","Hanjiang District","福建省","2019","12","2.80295919496944","280.295919496944"
"350303","涵江区","Hanjiang District","福建省","2020","12","2.63898568576956","263.898568576956"
"350303","涵江区","Hanjiang District","福建省","2021","12","2.99560332367822","299.560332367822"
"350304","荔城区","Licheng District","福建省","2013","12","2.07756640918083","207.756640918083"
"350304","荔城区","Licheng District","福建省","2014","12","2.25538937251628","225.538937251628"
"350304","荔城区","Licheng District","福建省","2015","12","2.37196809950472","237.196809950472"
"350304","荔城区","Licheng District","福建省","2016","12","2.8269790613885","282.69790613885"
"350304","荔城区","Licheng District","福建省","2017","12","2.82824020916636","282.824020916636"
"350304","荔城区","Licheng District","福建省","2018","12","2.88224544439915","288.224544439915"
"350304","荔城区","Licheng District","福建省","2019","12","2.92159812876134","292.159812876134"
"350304","荔城区","Licheng District","福建省","2020","12","3.08126271557597","308.126271557597"
"350304","荔城区","Licheng District","福建省","2021","12","3.23356465363083","323.356465363083"
"350305","秀屿区","Xiuyu District","福建省","2013","12","2.15298361743394","215.298361743394"
"350305","秀屿区","Xiuyu District","福建省","2014","12","2.3102101864504","231.02101864504"
"350305","秀屿区","Xiuyu District","福建省","2015","12","2.32039027589643","232.039027589643"
"350305","秀屿区","Xiuyu District","福建省","2016","12","2.67977561193314","267.977561193314"
"350305","秀屿区","Xiuyu District","福建省","2017","12","2.8102085651437","281.02085651437"
"350305","秀屿区","Xiuyu District","福建省","2018","12","2.23611667719408","223.611667719408"
"350305","秀屿区","Xiuyu District","福建省","2019","12","2.44370104767615","244.370104767615"
"350305","秀屿区","Xiuyu District","福建省","2020","12","2.31141305807255","231.141305807255"
"350305","秀屿区","Xiuyu District","福建省","2021","12","2.51492264509481","251.492264509481"
"350322","仙游县","Xianyou County","福建省","2013","12","2.111715481297","211.1715481297"
"350322","仙游县","Xianyou County","福建省","2014","12","2.30727060003522","230.727060003522"
"350322","仙游县","Xianyou County","福建省","2015","12","2.4016713824248","240.16713824248"
"350322","仙游县","Xianyou County","福建省","2016","12","2.27165374227517","227.165374227517"
"350322","仙游县","Xianyou County","福建省","2017","12","2.31645299204462","231.645299204462"
"350322","仙游县","Xianyou County","福建省","2018","12","2.40003210608119","240.00321060812"
"350322","仙游县","Xianyou County","福建省","2019","12","2.6099761632333","260.99761632333"
"350322","仙游县","Xianyou County","福建省","2020","12","2.54631726472849","254.631726472849"
"350322","仙游县","Xianyou County","福建省","2021","12","2.81005412972768","281.005412972768"
"350402","梅列区","Melie district","福建省","2013","12","2.89662615764094","289.662615764094"
"350402","梅列区","Melie district","福建省","2014","12","3.00929085035155","300.929085035155"
"350402","梅列区","Melie district","福建省","2015","12","3.00006956388921","300.006956388921"
"350402","梅列区","Melie district","福建省","2016","12","3.02093347505406","302.093347505406"
"350402","梅列区","Melie district","福建省","2017","12","2.83909473046882","283.909473046882"
"350402","梅列区","Melie district","福建省","2018","12","2.90674032414896","290.674032414896"
"350402","梅列区","Melie district","福建省","2019","12","3.35809522935318","335.809522935318"
"350402","梅列区","Melie district","福建省","2020","12","3.27028741438904","327.028741438904"
"350402","梅列区","Melie district","福建省","2021","12","3.7380909633444","373.80909633444"
"350403","三元区","Sanyuan District","福建省","2013","12","2.70335361675621","270.335361675621"
"350403","三元区","Sanyuan District","福建省","2014","12","2.90284973234608","290.284973234608"
"350403","三元区","Sanyuan District","福建省","2015","12","3.04829189719864","304.829189719864"
"350403","三元区","Sanyuan District","福建省","2016","12","3.26021404273738","326.021404273738"
"350403","三元区","Sanyuan District","福建省","2017","12","3.41591334687666","341.591334687666"
"350403","三元区","Sanyuan District","福建省","2018","12","3.4633291119909","346.33291119909"
"350403","三元区","Sanyuan District","福建省","2019","12","3.69820008182397","369.820008182397"
"350403","三元区","Sanyuan District","福建省","2020","12","3.70079923040053","370.079923040053"
"350403","三元区","Sanyuan District","福建省","2021","12","4.05305129541865","405.305129541865"
"350421","明溪县","Mingxi County","福建省","2013","12","2.64856429308783","264.856429308783"
"350421","明溪县","Mingxi County","福建省","2014","12","2.64257443676796","264.257443676796"
"350421","明溪县","Mingxi County","福建省","2015","12","2.86004831476409","286.004831476409"
"350421","明溪县","Mingxi County","福建省","2016","12","2.97870786138422","297.870786138422"
"350421","明溪县","Mingxi County","福建省","2017","12","3.03024869310582","303.024869310582"
"350421","明溪县","Mingxi County","福建省","2018","12","3.0640012416241","306.40012416241"
"350421","明溪县","Mingxi County","福建省","2019","12","3.1557881616846","315.57881616846"
"350421","明溪县","Mingxi County","福建省","2020","12","3.08951838563335","308.951838563334"
"350421","明溪县","Mingxi County","福建省","2021","12","3.39042387764133","339.042387764132"
"350423","清流县","Qingliu County","福建省","2013","12","2.77610760309997","277.610760309997"
"350423","清流县","Qingliu County","福建省","2014","12","2.79568064115697","279.568064115697"
"350423","清流县","Qingliu County","福建省","2015","12","2.61829077258851","261.829077258851"
"350423","清流县","Qingliu County","福建省","2016","12","2.62712433619316","262.712433619316"
"350423","清流县","Qingliu County","福建省","2017","12","2.64752260846763","264.752260846763"
"350423","清流县","Qingliu County","福建省","2018","12","2.56765681443247","256.765681443247"
"350423","清流县","Qingliu County","福建省","2019","12","2.72840314682223","272.840314682223"
"350423","清流县","Qingliu County","福建省","2020","12","2.73043583009009","273.043583009009"
"350423","清流县","Qingliu County","福建省","2021","12","3.1129352679977","311.29352679977"
"350424","宁化县","Ninghua County","福建省","2013","12","2.63468259979581","263.468259979581"
"350424","宁化县","Ninghua County","福建省","2014","12","2.64680896898639","264.680896898639"
"350424","宁化县","Ninghua County","福建省","2015","12","2.45093744247125","245.093744247125"
"350424","宁化县","Ninghua County","福建省","2016","12","2.67665656744965","267.665656744965"
"350424","宁化县","Ninghua County","福建省","2017","12","2.96950537205623","296.950537205623"
"350424","宁化县","Ninghua County","福建省","2018","12","2.87075220418087","287.075220418087"
"350424","宁化县","Ninghua County","福建省","2019","12","3.04055041890748","304.055041890748"
"350424","宁化县","Ninghua County","福建省","2020","12","3.09398179155673","309.398179155673"
"350424","宁化县","Ninghua County","福建省","2021","12","3.46234562564661","346.234562564661"
"350425","大田县","Datian County","福建省","2013","12","2.23978599869675","223.978599869675"
"350425","大田县","Datian County","福建省","2014","12","2.45926872085599","245.926872085599"
"350425","大田县","Datian County","福建省","2015","12","2.54502997136378","254.502997136378"
"350425","大田县","Datian County","福建省","2016","12","2.85496887715645","285.496887715645"
"350425","大田县","Datian County","福建省","2017","12","2.72821063817201","272.821063817201"
"350425","大田县","Datian County","福建省","2018","12","2.65896196119089","265.896196119089"
"350425","大田县","Datian County","福建省","2019","12","3.18099961982829","318.099961982829"
"350425","大田县","Datian County","福建省","2020","12","3.54172819585602","354.172819585602"
"350425","大田县","Datian County","福建省","2021","12","3.59816699970868","359.816699970868"
"350426","尤溪县","Youxi County","福建省","2013","12","2.26021740820548","226.021740820548"
"350426","尤溪县","Youxi County","福建省","2014","12","2.46299456658876","246.299456658876"
"350426","尤溪县","Youxi County","福建省","2015","12","2.60851539382201","260.851539382201"
"350426","尤溪县","Youxi County","福建省","2016","12","2.5719582388491","257.19582388491"
"350426","尤溪县","Youxi County","福建省","2017","12","2.44193418497755","244.193418497755"
"350426","尤溪县","Youxi County","福建省","2018","12","2.50513066726297","250.513066726297"
"350426","尤溪县","Youxi County","福建省","2019","12","2.75164058585742","275.164058585742"
"350426","尤溪县","Youxi County","福建省","2020","12","2.889407865719","288.9407865719"
"350426","尤溪县","Youxi County","福建省","2021","12","3.16280224069042","316.280224069042"
"350427","沙县","Sha County","福建省","2013","12","2.34995014502196","234.995014502196"
"350427","沙县","Sha County","福建省","2014","12","2.69449446641627","269.449446641627"
"350427","沙县","Sha County","福建省","2015","12","2.8373813625228","283.73813625228"
"350427","沙县","Sha County","福建省","2016","12","2.86264280494924","286.264280494924"
"350427","沙县","Sha County","福建省","2017","12","2.93938945796613","293.938945796613"
"350427","沙县","Sha County","福建省","2018","12","2.89165749870697","289.165749870697"
"350427","沙县","Sha County","福建省","2019","12","2.88495727634508","288.495727634508"
"350427","沙县","Sha County","福建省","2020","12","3.43627944548727","343.627944548726"
"350427","沙县","Sha County","福建省","2021","12","3.68856490878879","368.856490878879"
"350428","将乐县","Jiangle County","福建省","2013","12","2.38730967071511","238.730967071511"
"350428","将乐县","Jiangle County","福建省","2014","12","2.95990610119265","295.990610119264"
"350428","将乐县","Jiangle County","福建省","2015","12","2.91894688077527","291.894688077527"
"350428","将乐县","Jiangle County","福建省","2016","12","3.01406794874527","301.406794874527"
"350428","将乐县","Jiangle County","福建省","2017","12","3.12500908782954","312.500908782954"
"350428","将乐县","Jiangle County","福建省","2018","12","3.09898408921128","309.898408921128"
"350428","将乐县","Jiangle County","福建省","2019","12","3.33784008030531","333.784008030531"
"350428","将乐县","Jiangle County","福建省","2020","12","3.4207523252305","342.07523252305"
"350428","将乐县","Jiangle County","福建省","2021","12","3.81558742454964","381.558742454964"
"350429","泰宁县","Taining County","福建省","2013","12","2.82051770856681","282.051770856681"
"350429","泰宁县","Taining County","福建省","2014","12","3.0552736602324","305.52736602324"
"350429","泰宁县","Taining County","福建省","2015","12","2.89355388622973","289.355388622972"
"350429","泰宁县","Taining County","福建省","2016","12","2.45245827666114","245.245827666114"
"350429","泰宁县","Taining County","福建省","2017","12","2.47391720179718","247.391720179718"
"350429","泰宁县","Taining County","福建省","2018","12","2.53582464352881","253.582464352881"
"350429","泰宁县","Taining County","福建省","2019","12","2.72089093363928","272.089093363928"
"350429","泰宁县","Taining County","福建省","2020","12","2.88692856677325","288.692856677325"
"350429","泰宁县","Taining County","福建省","2021","12","3.08706239618164","308.706239618164"
"350430","建宁县","Jianning County","福建省","2013","12","2.93320923715839","293.320923715839"
"350430","建宁县","Jianning County","福建省","2014","12","3.00115011430365","300.115011430365"
"350430","建宁县","Jianning County","福建省","2015","12","3.02267796671157","302.267796671157"
"350430","建宁县","Jianning County","福建省","2016","12","2.8316857416459","283.16857416459"
"350430","建宁县","Jianning County","福建省","2017","12","3.00141284985421","300.141284985421"
"350430","建宁县","Jianning County","福建省","2018","12","3.07402252768206","307.402252768206"
"350430","建宁县","Jianning County","福建省","2019","12","3.21098734350458","321.098734350458"
"350430","建宁县","Jianning County","福建省","2020","12","3.39288871957555","339.288871957555"
"350430","建宁县","Jianning County","福建省","2021","12","3.48948725984934","348.948725984934"
"350481","永安市","Yong'an City","福建省","2013","12","2.23422467503988","223.422467503988"
"350481","永安市","Yong'an City","福建省","2014","12","2.39810044804679","239.810044804679"
"350481","永安市","Yong'an City","福建省","2015","12","2.38508902135204","238.508902135204"
"350481","永安市","Yong'an City","福建省","2016","12","2.61833266002616","261.833266002616"
"350481","永安市","Yong'an City","福建省","2017","12","2.86010268288781","286.010268288781"
"350481","永安市","Yong'an City","福建省","2018","12","2.96756339332106","296.756339332106"
"350481","永安市","Yong'an City","福建省","2019","12","3.05804555844928","305.804555844928"
"350481","永安市","Yong'an City","福建省","2020","12","3.08636917973366","308.636917973366"
"350481","永安市","Yong'an City","福建省","2021","12","3.36917854147883","336.917854147883"
"350502","鲤城区","Licheng District","福建省","2013","12","2.40029049406217","240.029049406217"
"350502","鲤城区","Licheng District","福建省","2014","12","2.60092322262438","260.092322262438"
"350502","鲤城区","Licheng District","福建省","2015","12","2.60067054779363","260.067054779363"
"350502","鲤城区","Licheng District","福建省","2016","12","2.56254597231023","256.254597231023"
"350502","鲤城区","Licheng District","福建省","2017","12","2.63500238180272","263.500238180272"
"350502","鲤城区","Licheng District","福建省","2018","12","2.72304768150424","272.304768150424"
"350502","鲤城区","Licheng District","福建省","2019","12","2.89544807783231","289.544807783231"
"350502","鲤城区","Licheng District","福建省","2020","12","2.90420761648202","290.420761648202"
"350502","鲤城区","Licheng District","福建省","2021","12","3.17937966136628","317.937966136628"
"350503","丰泽区","Fengze District","福建省","2013","12","2.34993661988254","234.993661988254"
"350503","丰泽区","Fengze District","福建省","2014","12","2.53757671875049","253.757671875049"
"350503","丰泽区","Fengze District","福建省","2015","12","2.63989670077691","263.989670077691"
"350503","丰泽区","Fengze District","福建省","2016","12","2.89128792329344","289.128792329344"
"350503","丰泽区","Fengze District","福建省","2017","12","2.97502705510965","297.502705510965"
"350503","丰泽区","Fengze District","福建省","2018","12","3.38720785139945","338.720785139945"
"350503","丰泽区","Fengze District","福建省","2019","12","3.55199113990709","355.199113990708"
"350503","丰泽区","Fengze District","福建省","2020","12","3.5445244683401","354.45244683401"
"350503","丰泽区","Fengze District","福建省","2021","12","3.6655210361063","366.55210361063"
"350504","洛江区","Luojiang District","福建省","2013","12","2.39468625848505","239.468625848505"
"350504","洛江区","Luojiang District","福建省","2014","12","2.5913386292734","259.13386292734"
"350504","洛江区","Luojiang District","福建省","2015","12","2.6216970356239","262.16970356239"
"350504","洛江区","Luojiang District","福建省","2016","12","2.68043472418438","268.043472418438"
"350504","洛江区","Luojiang District","福建省","2017","12","2.83567257649373","283.567257649373"
"350504","洛江区","Luojiang District","福建省","2018","12","3.03757555945933","303.757555945933"
"350504","洛江区","Luojiang District","福建省","2019","12","3.11334753752805","311.334753752805"
"350504","洛江区","Luojiang District","福建省","2020","12","3.24024666438317","324.024666438317"
"350504","洛江区","Luojiang District","福建省","2021","12","3.59959217012599","359.959217012599"
"350505","泉港区","Quangang District","福建省","2013","12","2.36040690576801","236.040690576801"
"350505","泉港区","Quangang District","福建省","2014","12","2.56840079068219","256.840079068219"
"350505","泉港区","Quangang District","福建省","2015","12","2.54085833397994","254.085833397994"
"350505","泉港区","Quangang District","福建省","2016","12","2.52989770193232","252.989770193232"
"350505","泉港区","Quangang District","福建省","2017","12","2.60203073082844","260.203073082844"
"350505","泉港区","Quangang District","福建省","2018","12","2.67120689323714","267.120689323714"
"350505","泉港区","Quangang District","福建省","2019","12","2.82839704738963","282.839704738963"
"350505","泉港区","Quangang District","福建省","2020","12","2.84004063629757","284.004063629757"
"350505","泉港区","Quangang District","福建省","2021","12","3.14550539055664","314.550539055664"
"350521","惠安县","Hui'an County","福建省","2013","12","2.39931150890066","239.931150890066"
"350521","惠安县","Hui'an County","福建省","2014","12","2.5996502444406","259.96502444406"
"350521","惠安县","Hui'an County","福建省","2015","12","2.59967264357746","259.967264357747"
"350521","惠安县","Hui'an County","福建省","2016","12","2.56154138081137","256.154138081137"
"350521","惠安县","Hui'an County","福建省","2017","12","2.62747534093025","262.747534093025"
"350521","惠安县","Hui'an County","福建省","2018","12","2.7217149292625","272.17149292625"
"350521","惠安县","Hui'an County","福建省","2019","12","2.89403095047324","289.403095047324"
"350521","惠安县","Hui'an County","福建省","2020","12","2.88125207502868","288.125207502868"
"350521","惠安县","Hui'an County","福建省","2021","12","3.14243541591655","314.243541591655"
"350524","安溪县","Anxi County","福建省","2013","12","2.39921361038451","239.921361038451"
"350524","安溪县","Anxi County","福建省","2014","12","2.5996502444406","259.96502444406"
"350524","安溪县","Anxi County","福建省","2015","12","2.57891539298696","257.891539298697"
"350524","安溪县","Anxi County","福建省","2016","12","2.51785584435319","251.785584435319"
"350524","安溪县","Anxi County","福建省","2017","12","2.61101662971178","261.101662971178"
"350524","安溪县","Anxi County","福建省","2018","12","2.67836958668158","267.836958668158"
"350524","安溪县","Anxi County","福建省","2019","12","2.82265890839753","282.265890839753"
"350524","安溪县","Anxi County","福建省","2020","12","2.85962631272377","285.962631272377"
"350524","安溪县","Anxi County","福建省","2021","12","3.13060075609679","313.060075609679"
"350525","永春县","Yongchun County","福建省","2013","12","2.37251902501387","237.251902501387"
"350525","永春县","Yongchun County","福建省","2014","12","2.57565175657606","257.565175657607"
"350525","永春县","Yongchun County","福建省","2015","12","2.56894618520491","256.894618520491"
"350525","永春县","Yongchun County","福建省","2016","12","2.49548493358994","249.548493358994"
"350525","永春县","Yongchun County","福建省","2017","12","2.56539838319213","256.539838319213"
"350525","永春县","Yongchun County","福建省","2018","12","2.6561430196049","265.61430196049"
"350525","永春县","Yongchun County","福建省","2019","12","2.84186700772752","284.186700772752"
"350525","永春县","Yongchun County","福建省","2020","12","2.83253450676837","283.253450676837"
"350525","永春县","Yongchun County","福建省","2021","12","3.11595376479015","311.595376479015"
"350526","德化县","Dehua County","福建省","2013","12","2.33128321415257","233.128321415257"
"350526","德化县","Dehua County","福建省","2014","12","2.56742568773646","256.742568773646"
"350526","德化县","Dehua County","福建省","2015","12","2.53757817943182","253.757817943182"
"350526","德化县","Dehua County","福建省","2016","12","2.48168379046598","248.168379046598"
"350526","德化县","Dehua County","福建省","2017","12","2.57486208054858","257.486208054858"
"350526","德化县","Dehua County","福建省","2018","12","2.62175123072422","262.175123072422"
"350526","德化县","Dehua County","福建省","2019","12","2.79149947107305","279.149947107305"
"350526","德化县","Dehua County","福建省","2020","12","2.79111164125575","279.111164125575"
"350526","德化县","Dehua County","福建省","2021","12","3.05901806999012","305.901806999012"
"350527","金门县","Kinmen County","福建省","2013","12","2.31965694437695","231.965694437695"
"350527","金门县","Kinmen County","福建省","2014","12","2.5182746614016","251.827466140159"
"350527","金门县","Kinmen County","福建省","2015","12","2.63641546527571","263.641546527571"
"350527","金门县","Kinmen County","福建省","2016","12","2.94759700284007","294.759700284007"
"350527","金门县","Kinmen County","福建省","2017","12","2.9604501228992","296.04501228992"
"350527","金门县","Kinmen County","福建省","2018","12","3.2505592867287","325.05592867287"
"350527","金门县","Kinmen County","福建省","2019","12","3.55587532546504","355.587532546504"
"350527","金门县","Kinmen County","福建省","2020","12","3.58067584977414","358.067584977414"
"350527","金门县","Kinmen County","福建省","2021","12","3.69681840513663","369.681840513663"
"350581","石狮市","Shishi City","福建省","2013","12","2.61813182959537","261.813182959537"
"350581","石狮市","Shishi City","福建省","2014","12","2.62561828931407","262.561828931407"
"350581","石狮市","Shishi City","福建省","2015","12","2.55071077960484","255.071077960485"
"350581","石狮市","Shishi City","福建省","2016","12","2.12831843411395","212.831843411395"
"350581","石狮市","Shishi City","福建省","2017","12","2.25829902315909","225.829902315909"
"350581","石狮市","Shishi City","福建省","2018","12","2.23631523778417","223.631523778418"
"350581","石狮市","Shishi City","福建省","2019","12","2.38121291672885","238.121291672885"
"350581","石狮市","Shishi City","福建省","2020","12","2.37818983314424","237.818983314424"
"350581","石狮市","Shishi City","福建省","2021","12","2.64467319986494","264.467319986494"
"350582","晋江市","Jinjiang City","福建省","2013","12","2.34520370162373","234.520370162373"
"350582","晋江市","Jinjiang City","福建省","2014","12","2.53120106030715","253.120106030715"
"350582","晋江市","Jinjiang City","福建省","2015","12","2.7216231203038","272.16231203038"
"350582","晋江市","Jinjiang City","福建省","2016","12","3.31601968445669","331.601968445669"
"350582","晋江市","Jinjiang City","福建省","2017","12","3.49857011153081","349.857011153081"
"350582","晋江市","Jinjiang City","福建省","2018","12","3.57427076900989","357.427076900989"
"350582","晋江市","Jinjiang City","福建省","2019","12","3.49231644468709","349.231644468709"
"350582","晋江市","Jinjiang City","福建省","2020","12","2.28482395500631","228.482395500631"
"350582","晋江市","Jinjiang City","福建省","2021","12","3.40247062164667","340.247062164667"
"350583","南安市","Nan'an City","福建省","2013","12","2.39940940741681","239.940940741681"
"350583","南安市","Nan'an City","福建省","2014","12","2.60071105959375","260.071105959375"
"350583","南安市","Nan'an City","福建省","2015","12","2.58954056305816","258.954056305816"
"350583","南安市","Nan'an City","福建省","2016","12","2.51993286485324","251.993286485324"
"350583","南安市","Nan'an City","福建省","2017","12","2.59010554329719","259.010554329719"
"350583","南安市","Nan'an City","福建省","2018","12","2.67642855206887","267.642855206887"
"350583","南安市","Nan'an City","福建省","2019","12","2.84697407569605","284.697407569605"
"350583","南安市","Nan'an City","福建省","2020","12","2.85512175326947","285.512175326947"
"350583","南安市","Nan'an City","福建省","2021","12","3.12667590525491","312.667590525491"
"350602","芗城区","Xiangcheng District","福建省","2013","12","1.89215028102631","189.215028102631"
"350602","芗城区","Xiangcheng District","福建省","2014","12","2.04364160412851","204.364160412851"
"350602","芗城区","Xiangcheng District","福建省","2015","12","1.98744754098375","198.744754098375"
"350602","芗城区","Xiangcheng District","福建省","2016","12","1.98793726226907","198.793726226907"
"350602","芗城区","Xiangcheng District","福建省","2017","12","2.37658874156264","237.658874156263"
"350602","芗城区","Xiangcheng District","福建省","2018","12","2.71414923582519","271.414923582519"
"350602","芗城区","Xiangcheng District","福建省","2019","12","2.90154433222313","290.154433222313"
"350602","芗城区","Xiangcheng District","福建省","2020","12","1.97188865360111","197.188865360111"
"350602","芗城区","Xiangcheng District","福建省","2021","12","1.89336883617494","189.336883617494"
"350603","龙文区","Longwen District","福建省","2013","12","1.86718543096889","186.718543096889"
"350603","龙文区","Longwen District","福建省","2014","12","2.02325757599326","202.325757599326"
"350603","龙文区","Longwen District","福建省","2015","12","2.02306102822152","202.306102822152"
"350603","龙文区","Longwen District","福建省","2016","12","1.9934039287039","199.34039287039"
"350603","龙文区","Longwen District","福建省","2017","12","2.04976774644158","204.976774644158"
"350603","龙文区","Longwen District","福建省","2018","12","2.11825816732082","211.825816732082"
"350603","龙文区","Longwen District","福建省","2019","12","2.25236839512202","225.236839512202"
"350603","龙文区","Longwen District","福建省","2020","12","2.25918244079459","225.918244079459"
"350603","龙文区","Longwen District","福建省","2021","12","2.4732387187699","247.32387187699"
"350622","云霄县","Yunxiao County","福建省","2013","12","1.89949207324245","189.949207324245"
"350622","云霄县","Yunxiao County","福建省","2014","12","2.04928431482674","204.928431482675"
"350622","云霄县","Yunxiao County","福建省","2015","12","2.25026621882975","225.026621882975"
"350622","云霄县","Yunxiao County","福建省","2016","12","2.79259624911229","279.259624911229"
"350622","云霄县","Yunxiao County","福建省","2017","12","2.61224210354778","261.224210354778"
"350622","云霄县","Yunxiao County","福建省","2018","12","2.75700224504355","275.700224504355"
"350622","云霄县","Yunxiao County","福建省","2019","12","3.17529087725491","317.529087725491"
"350622","云霄县","Yunxiao County","福建省","2020","12","3.15197151979281","315.197151979281"
"350622","云霄县","Yunxiao County","福建省","2021","12","3.48673369183162","348.673369183162"
"350623","漳浦县","Zhangpu County","福建省","2013","12","1.87612801199419","187.612801199419"
"350623","漳浦县","Zhangpu County","福建省","2014","12","2.04720661426062","204.720661426062"
"350623","漳浦县","Zhangpu County","福建省","2015","12","1.98487331691364","198.487331691364"
"350623","漳浦县","Zhangpu County","福建省","2016","12","1.72809661084297","172.809661084297"
"350623","漳浦县","Zhangpu County","福建省","2017","12","1.800717366558","180.0717366558"
"350623","漳浦县","Zhangpu County","福建省","2018","12","1.8535011668613","185.35011668613"
"350623","漳浦县","Zhangpu County","福建省","2019","12","1.95753376374264","195.753376374264"
"350623","漳浦县","Zhangpu County","福建省","2020","12","1.98825863948524","198.825863948524"
"350623","漳浦县","Zhangpu County","福建省","2021","12","2.17749490459868","217.749490459868"
"350624","诏安县","Zhao'an County","福建省","2013","12","1.89009227726573","189.009227726573"
"350624","诏安县","Zhao'an County","福建省","2014","12","2.0292310226289","202.92310226289"
"350624","诏安县","Zhao'an County","福建省","2015","12","2.11588620741146","211.588620741146"
"350624","诏安县","Zhao'an County","福建省","2016","12","2.36511766373618","236.511766373618"
"350624","诏安县","Zhao'an County","福建省","2017","12","1.93908214412019","193.908214412019"
"350624","诏安县","Zhao'an County","福建省","2018","12","1.84400953898513","184.400953898514"
"350624","诏安县","Zhao'an County","福建省","2019","12","1.92439405968921","192.439405968921"
"350624","诏安县","Zhao'an County","福建省","2020","12","1.99954455442468","199.954455442468"
"350624","诏安县","Zhao'an County","福建省","2021","12","2.24448729715431","224.448729715431"
"350625","长泰县","Changtai County","福建省","2013","12","1.90445211781798","190.445211781798"
"350625","长泰县","Changtai County","福建省","2014","12","2.02125996696662","202.125996696662"
"350625","长泰县","Changtai County","福建省","2015","12","1.93704308912335","193.704308912335"
"350625","长泰县","Changtai County","福建省","2016","12","1.80072324385654","180.072324385654"
"350625","长泰县","Changtai County","福建省","2017","12","1.76821043721039","176.821043721039"
"350625","长泰县","Changtai County","福建省","2018","12","1.86455960976398","186.455960976398"
"350625","长泰县","Changtai County","福建省","2019","12","1.97824879608339","197.824879608339"
"350625","长泰县","Changtai County","福建省","2020","12","2.01884655380124","201.884655380124"
"350625","长泰县","Changtai County","福建省","2021","12","1.88806281739303","188.806281739303"
"350626","东山县","Dongshan County","福建省","2013","12","1.85490694087139","185.490694087139"
"350626","东山县","Dongshan County","福建省","2014","12","1.90540866127931","190.540866127931"
"350626","东山县","Dongshan County","福建省","2015","12","1.79268166960459","179.268166960459"
"350626","东山县","Dongshan County","福建省","2016","12","2.20475119629534","220.475119629534"
"350626","东山县","Dongshan County","福建省","2017","12","2.02685384480078","202.685384480078"
"350626","东山县","Dongshan County","福建省","2018","12","2.33347994087184","233.347994087184"
"350626","东山县","Dongshan County","福建省","2019","12","2.10817389044331","210.817389044331"
"350626","东山县","Dongshan County","福建省","2020","12","2.12257074950508","212.257074950508"
"350626","东山县","Dongshan County","福建省","2021","12","2.33782695100256","233.782695100257"
"350627","南靖县","Nanjing County","福建省","2013","12","1.7906439181272","179.06439181272"
"350627","南靖县","Nanjing County","福建省","2014","12","1.81649006123112","181.649006123111"
"350627","南靖县","Nanjing County","福建省","2015","12","1.82993675055573","182.993675055573"
"350627","南靖县","Nanjing County","福建省","2016","12","1.80226613931337","180.226613931337"
"350627","南靖县","Nanjing County","福建省","2017","12","1.80595420038781","180.595420038781"
"350627","南靖县","Nanjing County","福建省","2018","12","1.95606967565977","195.606967565977"
"350627","南靖县","Nanjing County","福建省","2019","12","2.07875903106823","207.875903106823"
"350627","南靖县","Nanjing County","福建省","2020","12","2.10364077621182","210.364077621182"
"350627","南靖县","Nanjing County","福建省","2021","12","2.19025243394884","219.025243394884"
"350628","平和县","Pinghe County","福建省","2013","12","1.62888161869727","162.888161869727"
"350628","平和县","Pinghe County","福建省","2014","12","1.83352921366055","183.352921366055"
"350628","平和县","Pinghe County","福建省","2015","12","2.04956513793858","204.956513793858"
"350628","平和县","Pinghe County","福建省","2016","12","2.00679380467935","200.679380467935"
"350628","平和县","Pinghe County","福建省","2017","12","2.03833832601716","203.833832601717"
"350628","平和县","Pinghe County","福建省","2018","12","1.97938569248672","197.938569248672"
"350628","平和县","Pinghe County","福建省","2019","12","2.08721385650385","208.721385650385"
"350628","平和县","Pinghe County","福建省","2020","12","2.07958826202958","207.958826202958"
"350628","平和县","Pinghe County","福建省","2021","12","2.1656235031733","216.56235031733"
"350629","华安县","Hua'an County","福建省","2013","12","1.62789776719774","162.789776719774"
"350629","华安县","Hua'an County","福建省","2014","12","1.71812942091108","171.812942091108"
"350629","华安县","Hua'an County","福建省","2015","12","1.70739405795174","170.739405795173"
"350629","华安县","Hua'an County","福建省","2016","12","1.57751430311832","157.751430311832"
"350629","华安县","Hua'an County","福建省","2017","12","1.70721138851599","170.721138851599"
"350629","华安县","Hua'an County","福建省","2018","12","2.42393286526202","242.393286526202"
"350629","华安县","Hua'an County","福建省","2019","12","2.64294998939235","264.294998939235"
"350629","华安县","Hua'an County","福建省","2020","12","2.76946615738926","276.946615738926"
"350629","华安县","Hua'an County","福建省","2021","12","2.64030962407545","264.030962407545"
"350681","龙海市","Longhai  City","福建省","2013","12","1.87629628503331","187.629628503332"
"350681","龙海市","Longhai  City","福建省","2014","12","2.03424091650272","203.424091650272"
"350681","龙海市","Longhai  City","福建省","2015","12","2.1304316969304","213.04316969304"
"350681","龙海市","Longhai  City","福建省","2016","12","2.08335472604921","208.335472604922"
"350681","龙海市","Longhai  City","福建省","2017","12","1.96697478991943","196.697478991943"
"350681","龙海市","Longhai  City","福建省","2018","12","1.82426100565129","182.426100565129"
"350681","龙海市","Longhai  City","福建省","2019","12","2.59927305621084","259.927305621084"
"350681","龙海市","Longhai  City","福建省","2020","12","1.93447056327214","193.447056327214"
"350681","龙海市","Longhai  City","福建省","2021","12","2.51507155942189","251.507155942189"
"350702","延平区","Yanping District","福建省","2013","12","1.90768073380357","190.768073380357"
"350702","延平区","Yanping District","福建省","2014","12","1.9783397080987","197.83397080987"
"350702","延平区","Yanping District","福建省","2015","12","1.0299970945992","102.99970945992"
"350702","延平区","Yanping District","福建省","2016","12","1.25361425478067","125.361425478067"
"350702","延平区","Yanping District","福建省","2017","12","1.2006583132287","120.06583132287"
"350702","延平区","Yanping District","福建省","2018","12","1.36045887489448","136.045887489448"
"350702","延平区","Yanping District","福建省","2019","12","0.655294240408648","65.5294240408647"
"350702","延平区","Yanping District","福建省","2020","12","1.24616463639366","124.616463639366"
"350702","延平区","Yanping District","福建省","2021","12","1.34108205629664","134.108205629664"
"350721","顺昌县","Shunchang County","福建省","2013","12","1.10818599793214","110.818599793214"
"350721","顺昌县","Shunchang County","福建省","2014","12","1.27471065362536","127.471065362536"
"350721","顺昌县","Shunchang County","福建省","2015","12","1.32927139448284","132.927139448284"
"350721","顺昌县","Shunchang County","福建省","2016","12","1.47354506183067","147.354506183067"
"350721","顺昌县","Shunchang County","福建省","2017","12","1.5886825463138","158.86825463138"
"350721","顺昌县","Shunchang County","福建省","2018","12","1.48935881039272","148.935881039272"
"350721","顺昌县","Shunchang County","福建省","2019","12","1.77102263579502","177.102263579502"
"350721","顺昌县","Shunchang County","福建省","2020","12","1.67459626329424","167.459626329424"
"350721","顺昌县","Shunchang County","福建省","2021","12","1.86527905551513","186.527905551513"
"350722","浦城县","Pucheng County","福建省","2013","12","1.51219636043709","151.219636043709"
"350722","浦城县","Pucheng County","福建省","2014","12","1.39728955423333","139.728955423333"
"350722","浦城县","Pucheng County","福建省","2015","12","1.23736877458448","123.736877458448"
"350722","浦城县","Pucheng County","福建省","2016","12","1.191667931931","119.1667931931"
"350722","浦城县","Pucheng County","福建省","2017","12","1.28036427149102","128.036427149102"
"350722","浦城县","Pucheng County","福建省","2018","12","1.30710981664984","130.710981664984"
"350722","浦城县","Pucheng County","福建省","2019","12","1.37123434399986","137.123434399986"
"350722","浦城县","Pucheng County","福建省","2020","12","1.33089932963649","133.089932963649"
"350722","浦城县","Pucheng County","福建省","2021","12","1.50648150454461","150.648150454461"
"350723","光泽县","Guangze County","福建省","2013","12","1.32250968027482","132.250968027482"
"350723","光泽县","Guangze County","福建省","2014","12","1.34546453705953","134.546453705953"
"350723","光泽县","Guangze County","福建省","2015","12","1.38781980887834","138.781980887834"
"350723","光泽县","Guangze County","福建省","2016","12","1.38609807303191","138.609807303191"
"350723","光泽县","Guangze County","福建省","2017","12","1.53059348687201","153.0593486872"
"350723","光泽县","Guangze County","福建省","2018","12","1.5801706817476","158.01706817476"
"350723","光泽县","Guangze County","福建省","2019","12","1.71777890330932","171.777890330932"
"350723","光泽县","Guangze County","福建省","2020","12","1.69004986998653","169.004986998653"
"350723","光泽县","Guangze County","福建省","2021","12","1.61674748407302","161.674748407302"
"350724","松溪县","Songxi County","福建省","2013","12","1.17396119467048","117.396119467048"
"350724","松溪县","Songxi County","福建省","2014","12","1.48111029003532","148.111029003532"
"350724","松溪县","Songxi County","福建省","2015","12","1.49737277411109","149.737277411109"
"350724","松溪县","Songxi County","福建省","2016","12","1.31630779800657","131.630779800657"
"350724","松溪县","Songxi County","福建省","2017","12","1.25822979279353","125.822979279353"
"350724","松溪县","Songxi County","福建省","2018","12","1.43110524925197","143.110524925197"
"350724","松溪县","Songxi County","福建省","2019","12","1.50784338118434","150.784338118434"
"350724","松溪县","Songxi County","福建省","2020","12","1.58782742974473","158.782742974473"
"350724","松溪县","Songxi County","福建省","2021","12","1.87793193334722","187.793193334722"
"350725","政和县","Zhenghe County","福建省","2013","12","1.17938691599966","117.938691599966"
"350725","政和县","Zhenghe County","福建省","2014","12","1.43400525922712","143.400525922712"
"350725","政和县","Zhenghe County","福建省","2015","12","1.48970358918291","148.970358918291"
"350725","政和县","Zhenghe County","福建省","2016","12","1.325871605866","132.5871605866"
"350725","政和县","Zhenghe County","福建省","2017","12","1.48566427017903","148.566427017903"
"350725","政和县","Zhenghe County","福建省","2018","12","1.53068890534514","153.068890534514"
"350725","政和县","Zhenghe County","福建省","2019","12","1.57482822549729","157.482822549729"
"350725","政和县","Zhenghe County","福建省","2020","12","1.41947460901649","141.947460901649"
"350725","政和县","Zhenghe County","福建省","2021","12","1.68532495305492","168.532495305492"
"350781","邵武市","Shaowu City","福建省","2013","12","1.11185258433942","111.185258433942"
"350781","邵武市","Shaowu City","福建省","2014","12","1.28231053900016","128.231053900016"
"350781","邵武市","Shaowu City","福建省","2015","12","1.4021598130733","140.21598130733"
"350781","邵武市","Shaowu City","福建省","2016","12","1.62266353264204","162.266353264204"
"350781","邵武市","Shaowu City","福建省","2017","12","1.30456027144522","130.456027144522"
"350781","邵武市","Shaowu City","福建省","2018","12","1.41310294618006","141.310294618007"
"350781","邵武市","Shaowu City","福建省","2019","12","1.51939827460122","151.939827460122"
"350781","邵武市","Shaowu City","福建省","2020","12","1.46414665619565","146.414665619565"
"350781","邵武市","Shaowu City","福建省","2021","12","1.65843015365573","165.843015365573"
"350782","武夷山市","Wuyishan City","福建省","2013","12","1.25861204337337","125.861204337337"
"350782","武夷山市","Wuyishan City","福建省","2014","12","1.27341361278756","127.341361278756"
"350782","武夷山市","Wuyishan City","福建省","2015","12","1.5752132825926","157.52132825926"
"350782","武夷山市","Wuyishan City","福建省","2016","12","1.56060324480414","156.060324480414"
"350782","武夷山市","Wuyishan City","福建省","2017","12","1.6333692817757","163.33692817757"
"350782","武夷山市","Wuyishan City","福建省","2018","12","1.65782261032687","165.782261032687"
"350782","武夷山市","Wuyishan City","福建省","2019","12","1.61440962185423","161.440962185423"
"350782","武夷山市","Wuyishan City","福建省","2020","12","1.45417148006827","145.417148006827"
"350782","武夷山市","Wuyishan City","福建省","2021","12","1.6897494290503","168.97494290503"
"350783","建瓯市","Jian'ou City","福建省","2013","12","1.6412769687116","164.12769687116"
"350783","建瓯市","Jian'ou City","福建省","2014","12","1.37053364348253","137.053364348253"
"350783","建瓯市","Jian'ou City","福建省","2015","12","1.44481314366143","144.481314366143"
"350783","建瓯市","Jian'ou City","福建省","2016","12","1.92060145600993","192.060145600993"
"350783","建瓯市","Jian'ou City","福建省","2017","12","1.39494856779632","139.494856779632"
"350783","建瓯市","Jian'ou City","福建省","2018","12","2.03346821356194","203.346821356194"
"350783","建瓯市","Jian'ou City","福建省","2019","12","1.79342701664424","179.342701664423"
"350783","建瓯市","Jian'ou City","福建省","2020","12","2.17881973433759","217.881973433759"
"350783","建瓯市","Jian'ou City","福建省","2021","12","2.39568820206633","239.568820206633"
"350784","建阳市","Jianyang City","福建省","2013","12","1.17868007925708","117.868007925708"
"350784","建阳市","Jianyang City","福建省","2014","12","1.38925558338218","138.925558338218"
"350784","建阳市","Jianyang City","福建省","2015","12","1.44625347844883","144.625347844883"
"350784","建阳市","Jianyang City","福建省","2016","12","1.316215061099","131.6215061099"
"350784","建阳市","Jianyang City","福建省","2017","12","1.43466217040236","143.466217040236"
"350784","建阳市","Jianyang City","福建省","2018","12","1.5083751458176","150.83751458176"
"350784","建阳市","Jianyang City","福建省","2019","12","1.79166800011614","179.166800011614"
"350784","建阳市","Jianyang City","福建省","2020","12","1.60275654811261","160.275654811261"
"350784","建阳市","Jianyang City","福建省","2021","12","1.74067119437247","174.067119437247"
"350802","新罗区","Xinluo District","福建省","2013","12","1.63667621491563","163.667621491563"
"350802","新罗区","Xinluo District","福建省","2014","12","1.69279728775778","169.279728775778"
"350802","新罗区","Xinluo District","福建省","2015","12","1.70587259962439","170.587259962439"
"350802","新罗区","Xinluo District","福建省","2016","12","1.66827554696797","166.827554696797"
"350802","新罗区","Xinluo District","福建省","2017","12","1.78921147953299","178.921147953299"
"350802","新罗区","Xinluo District","福建省","2018","12","1.87733542271902","187.733542271902"
"350802","新罗区","Xinluo District","福建省","2019","12","1.90769053541812","190.769053541812"
"350802","新罗区","Xinluo District","福建省","2020","12","1.89403177347686","189.403177347685"
"350802","新罗区","Xinluo District","福建省","2021","12","2.21944230495735","221.944230495735"
"350821","长汀县","Changting County","福建省","2013","12","1.55358483742065","155.358483742065"
"350821","长汀县","Changting County","福建省","2014","12","1.87320558646922","187.320558646922"
"350821","长汀县","Changting County","福建省","2015","12","1.92614406644266","192.614406644266"
"350821","长汀县","Changting County","福建省","2016","12","1.86472947848556","186.472947848555"
"350821","长汀县","Changting County","福建省","2017","12","1.88339364794944","188.339364794944"
"350821","长汀县","Changting County","福建省","2018","12","1.90277209578088","190.277209578088"
"350821","长汀县","Changting County","福建省","2019","12","1.98397102205105","198.397102205105"
"350821","长汀县","Changting County","福建省","2020","12","2.05317776574656","205.317776574657"
"350821","长汀县","Changting County","福建省","2021","12","2.34994921595653","234.994921595653"
"350822","永定县","Yongding County","福建省","2013","12","1.52868584006769","152.868584006769"
"350822","永定县","Yongding County","福建省","2014","12","1.75674928594297","175.674928594297"
"350822","永定县","Yongding County","福建省","2015","12","1.70696704313739","170.696704313739"
"350822","永定县","Yongding County","福建省","2016","12","1.77969709521621","177.969709521621"
"350822","永定县","Yongding County","福建省","2017","12","1.80514449364228","180.514449364228"
"350822","永定县","Yongding County","福建省","2018","12","1.76423583234417","176.423583234417"
"350822","永定县","Yongding County","福建省","2019","12","2.01009932444736","201.009932444736"
"350822","永定县","Yongding County","福建省","2020","12","2.14880276386556","214.880276386556"
"350822","永定县","Yongding County","福建省","2021","12","2.37905456257222","237.905456257222"
"350823","上杭县","Shanghang County","福建省","2013","12","1.51916043832658","151.916043832658"
"350823","上杭县","Shanghang County","福建省","2014","12","1.87495844120599","187.495844120599"
"350823","上杭县","Shanghang County","福建省","2015","12","1.72039126477227","172.039126477227"
"350823","上杭县","Shanghang County","福建省","2016","12","1.86834387691895","186.834387691895"
"350823","上杭县","Shanghang County","福建省","2017","12","2.0038533401015","200.38533401015"
"350823","上杭县","Shanghang County","福建省","2018","12","1.96173558523875","196.173558523875"
"350823","上杭县","Shanghang County","福建省","2019","12","2.0692940930703","206.92940930703"
"350823","上杭县","Shanghang County","福建省","2020","12","2.192611389309","219.2611389309"
"350823","上杭县","Shanghang County","福建省","2021","12","2.34867634509532","234.867634509532"
"350824","武平县","Wuping County","福建省","2013","12","1.51764836878781","151.764836878781"
"350824","武平县","Wuping County","福建省","2014","12","1.64736923862632","164.736923862632"
"350824","武平县","Wuping County","福建省","2015","12","1.65264908066925","165.264908066925"
"350824","武平县","Wuping County","福建省","2016","12","1.29874301211163","129.874301211163"
"350824","武平县","Wuping County","福建省","2017","12","1.40221660150085","140.221660150085"
"350824","武平县","Wuping County","福建省","2018","12","1.46027358144277","146.027358144277"
"350824","武平县","Wuping County","福建省","2019","12","1.66895011014582","166.895011014582"
"350824","武平县","Wuping County","福建省","2020","12","1.63049910592393","163.049910592393"
"350824","武平县","Wuping County","福建省","2021","12","1.7270179213238","172.70179213238"
"350825","连城县","Liancheng County","福建省","2013","12","1.59272167785354","159.272167785354"
"350825","连城县","Liancheng County","福建省","2014","12","1.74244145553193","174.244145553193"
"350825","连城县","Liancheng County","福建省","2015","12","1.76966404650705","176.966404650705"
"350825","连城县","Liancheng County","福建省","2016","12","1.60602313533394","160.602313533395"
"350825","连城县","Liancheng County","福建省","2017","12","1.81384878524536","181.384878524536"
"350825","连城县","Liancheng County","福建省","2018","12","1.94643248640048","194.643248640048"
"350825","连城县","Liancheng County","福建省","2019","12","1.96280446222053","196.280446222053"
"350825","连城县","Liancheng County","福建省","2020","12","2.23290754780593","223.290754780593"
"350825","连城县","Liancheng County","福建省","2021","12","2.36124683435468","236.124683435468"
"350881","漳平市","Zhangping City","福建省","2013","12","1.5269468219696","152.69468219696"
"350881","漳平市","Zhangping City","福建省","2014","12","1.7932653614549","179.32653614549"
"350881","漳平市","Zhangping City","福建省","2015","12","1.41909230007493","141.909230007493"
"350881","漳平市","Zhangping City","福建省","2016","12","1.22895704518915","122.895704518915"
"350881","漳平市","Zhangping City","福建省","2017","12","1.80866225240772","180.866225240772"
"350881","漳平市","Zhangping City","福建省","2018","12","1.58200193418878","158.200193418878"
"350881","漳平市","Zhangping City","福建省","2019","12","1.70856329958269","170.856329958269"
"350881","漳平市","Zhangping City","福建省","2020","12","1.80596863406676","180.596863406676"
"350881","漳平市","Zhangping City","福建省","2021","12","1.92577195593557","192.577195593557"
"350902","蕉城区","Jiaocheng District","福建省","2013","12","2.49396320176024","249.396320176024"
"350902","蕉城区","Jiaocheng District","福建省","2014","12","2.66442758817631","266.44275881763"
"350902","蕉城区","Jiaocheng District","福建省","2015","12","2.66582473235609","266.582473235609"
"350902","蕉城区","Jiaocheng District","福建省","2016","12","2.88452790519078","288.452790519078"
"350902","蕉城区","Jiaocheng District","福建省","2017","12","2.71044967671294","271.044967671294"
"350902","蕉城区","Jiaocheng District","福建省","2018","12","2.80546365164307","280.546365164307"
"350902","蕉城区","Jiaocheng District","福建省","2019","12","2.97133724015235","297.133724015235"
"350902","蕉城区","Jiaocheng District","福建省","2020","12","3.03412657123946","303.412657123946"
"350902","蕉城区","Jiaocheng District","福建省","2021","12","3.32112880060689","332.112880060689"
"350921","霞浦县","Xiapu County","福建省","2013","12","2.52093194769034","252.093194769034"
"350921","霞浦县","Xiapu County","福建省","2014","12","2.72446668776939","272.446668776939"
"350921","霞浦县","Xiapu County","福建省","2015","12","2.73780099573131","273.780099573131"
"350921","霞浦县","Xiapu County","福建省","2016","12","2.6782936740245","267.82936740245"
"350921","霞浦县","Xiapu County","福建省","2017","12","2.78166065999019","278.166065999019"
"350921","霞浦县","Xiapu County","福建省","2018","12","2.89865108066116","289.865108066116"
"350921","霞浦县","Xiapu County","福建省","2019","12","2.97507997141452","297.507997141452"
"350921","霞浦县","Xiapu County","福建省","2020","12","3.0466361594517","304.66361594517"
"350921","霞浦县","Xiapu County","福建省","2021","12","3.34148918400401","334.148918400401"
"350922","古田县","Gutian County","福建省","2013","12","2.51658127840454","251.658127840454"
"350922","古田县","Gutian County","福建省","2014","12","2.60749760691701","260.749760691701"
"350922","古田县","Gutian County","福建省","2015","12","2.68296040938155","268.296040938155"
"350922","古田县","Gutian County","福建省","2016","12","3.11370393488562","311.370393488562"
"350922","古田县","Gutian County","福建省","2017","12","3.24830487730674","324.830487730674"
"350922","古田县","Gutian County","福建省","2018","12","3.2887799731802","328.87799731802"
"350922","古田县","Gutian County","福建省","2019","12","3.2608909893043","326.08909893043"
"350922","古田县","Gutian County","福建省","2020","12","3.34007082924667","334.007082924667"
"350922","古田县","Gutian County","福建省","2021","12","3.69983288970396","369.983288970396"
"350923","屏南县","Pingnan County","福建省","2013","12","2.4845444352201","248.45444352201"
"350923","屏南县","Pingnan County","福建省","2014","12","2.5799540704022","257.99540704022"
"350923","屏南县","Pingnan County","福建省","2015","12","2.64181560197602","264.181560197602"
"350923","屏南县","Pingnan County","福建省","2016","12","2.43295858635187","243.295858635187"
"350923","屏南县","Pingnan County","福建省","2017","12","2.50396831185025","250.396831185025"
"350923","屏南县","Pingnan County","福建省","2018","12","1.82357565662336","182.357565662336"
"350923","屏南县","Pingnan County","福建省","2019","12","1.95699805730597","195.699805730597"
"350923","屏南县","Pingnan County","福建省","2020","12","2.05356682705052","205.356682705052"
"350923","屏南县","Pingnan County","福建省","2021","12","2.69858967004369","269.858967004369"
"350924","寿宁县","Shouning County","福建省","2013","12","2.32667350559828","232.667350559828"
"350924","寿宁县","Shouning County","福建省","2014","12","2.51400432755384","251.400432755384"
"350924","寿宁县","Shouning County","福建省","2015","12","2.57232991631904","257.232991631904"
"350924","寿宁县","Shouning County","福建省","2016","12","2.49049876447212","249.049876447212"
"350924","寿宁县","Shouning County","福建省","2017","12","2.65801585427542","265.801585427542"
"350924","寿宁县","Shouning County","福建省","2018","12","2.57902815619952","257.902815619952"
"350924","寿宁县","Shouning County","福建省","2019","12","2.94836842498525","294.836842498525"
"350924","寿宁县","Shouning County","福建省","2020","12","3.06962072091528","306.962072091528"
"350924","寿宁县","Shouning County","福建省","2021","12","2.90028877965295","290.028877965295"
"350925","周宁县","Zhouning County","福建省","2013","12","2.23568523891254","223.568523891254"
"350925","周宁县","Zhouning County","福建省","2014","12","2.43849538562935","243.849538562935"
"350925","周宁县","Zhouning County","福建省","2015","12","2.40790255355255","240.790255355255"
"350925","周宁县","Zhouning County","福建省","2016","12","2.34994719900457","234.994719900457"
"350925","周宁县","Zhouning County","福建省","2017","12","2.47438158978874","247.438158978874"
"350925","周宁县","Zhouning County","福建省","2018","12","2.48335107799081","248.335107799081"
"350925","周宁县","Zhouning County","福建省","2019","12","2.64191487444282","264.191487444282"
"350925","周宁县","Zhouning County","福建省","2020","12","2.69420888866167","269.420888866167"
"350925","周宁县","Zhouning County","福建省","2021","12","2.97805490052027","297.805490052027"
"350926","柘荣县","Zherong County","福建省","2013","12","2.45399388949959","245.399388949959"
"350926","柘荣县","Zherong County","福建省","2014","12","2.75451748666502","275.451748666502"
"350926","柘荣县","Zherong County","福建省","2015","12","2.70770959516968","270.770959516968"
"350926","柘荣县","Zherong County","福建省","2016","12","2.73687864221975","273.687864221975"
"350926","柘荣县","Zherong County","福建省","2017","12","2.35704231531881","235.704231531881"
"350926","柘荣县","Zherong County","福建省","2018","12","2.47226569106512","247.226569106512"
"350926","柘荣县","Zherong County","福建省","2019","12","2.56756189136027","256.756189136027"
"350926","柘荣县","Zherong County","福建省","2020","12","2.60259569464841","260.259569464841"
"350926","柘荣县","Zherong County","福建省","2021","12","3.01549780221285","301.549780221285"
"350981","福安市","Fu'an City","福建省","2013","12","2.48756772857556","248.756772857556"
"350981","福安市","Fu'an City","福建省","2014","12","2.69596959160593","269.596959160593"
"350981","福安市","Fu'an City","福建省","2015","12","2.71565607107065","271.565607107065"
"350981","福安市","Fu'an City","福建省","2016","12","2.68508790498744","268.508790498744"
"350981","福安市","Fu'an City","福建省","2017","12","2.71111874342786","271.111874342786"
"350981","福安市","Fu'an City","福建省","2018","12","3.02563044869401","302.563044869401"
"350981","福安市","Fu'an City","福建省","2019","12","3.44588700701998","344.588700701998"
"350981","福安市","Fu'an City","福建省","2020","12","3.06130932076011","306.130932076011"
"350981","福安市","Fu'an City","福建省","2021","12","3.34185518015237","334.185518015237"
"350982","福鼎市","Fuding City","福建省","2013","12","2.51110447472844","251.110447472844"
"350982","福鼎市","Fuding City","福建省","2014","12","2.68683716646388","268.683716646388"
"350982","福鼎市","Fuding City","福建省","2015","12","2.72487488725487","272.487488725487"
"350982","福鼎市","Fuding City","福建省","2016","12","2.65991342344586","265.991342344586"
"350982","福鼎市","Fuding City","福建省","2017","12","2.87324108316482","287.324108316482"
"350982","福鼎市","Fuding City","福建省","2018","12","2.80833077124093","280.833077124093"
"350982","福鼎市","Fuding City","福建省","2019","12","3.01186451543772","301.186451543772"
"350982","福鼎市","Fuding City","福建省","2020","12","3.06281089811206","306.281089811206"
"350982","福鼎市","Fuding City","福建省","2021","12","3.33516016239565","333.516016239565"
